ID_EVENTO,VAR,StationUse
536,ESOL,13075030
536,RAIN,13075030
536,RHUM,13075030
536,TMAX,13075030
536,TMIN,13075030
537,ESOL,13075030
537,RAIN,13075030
537,RHUM,13075030
537,TMAX,13075030
537,TMIN,13075030
539,ESOL,13075030
539,RAIN,13075030
539,RHUM,13075030
539,TMAX,13075030
539,TMIN,13075030
540,ESOL,13075030
540,RAIN,13075030
540,RHUM,13075030
540,TMAX,13075030
540,TMIN,13075030
542,ESOL,13075030
542,RAIN,13075030
542,RHUM,13075030
542,TMAX,13075030
542,TMIN,13075030
543,ESOL,13075030
543,RAIN,13075030
543,RHUM,13075030
543,TMAX,13075030
543,TMIN,13075030
549,ESOL,13075030
549,RAIN,13075030
549,RHUM,13075030
549,TMAX,13075030
549,TMIN,13075030
559,ESOL,13075030
559,RAIN,13075030
559,RHUM,13075030
559,TMAX,13075030
559,TMIN,13075030
560,ESOL,13075030
560,RAIN,13075030
560,RHUM,13075030
560,TMAX,13075030
560,TMIN,13075030
617,ESOL,13075030
617,RAIN,13075030
617,RHUM,13075030
617,TMAX,13075030
617,TMIN,13075030
789,ESOL,13075030
789,RAIN,13075030
789,RHUM,13075030
789,TMAX,13075030
789,TMIN,13075030
791,ESOL,13085010
791,RAIN,13085010
791,RHUM,13085010
791,TMAX,13085010
791,TMIN,13085010
805,ESOL,13075030
805,RAIN,13075030
805,RHUM,13075030
805,TMAX,13075030
805,TMIN,13075030
807,ESOL,13075030
807,RAIN,13075030
807,RHUM,13075030
807,TMAX,13075030
807,TMIN,13075030
814,ESOL,13075030
814,RAIN,13075030
814,RHUM,13075030
814,TMAX,13075030
814,TMIN,13075030
818,ESOL,13075030
818,RAIN,13075030
818,RHUM,13075030
818,TMAX,13075030
818,TMIN,13075030
820,ESOL,13075030
820,RAIN,13075030
820,RHUM,13075030
820,TMAX,13075030
820,TMIN,13075030
821,ESOL,13075030
821,RAIN,13075030
821,RHUM,13075030
821,TMAX,13075030
821,TMIN,13075030
824,ESOL,13075030
824,RAIN,13075030
824,RHUM,13075030
824,TMAX,13075030
824,TMIN,13075030
825,ESOL,13085010
825,RAIN,13085010
825,RHUM,13085010
825,TMAX,13085010
825,TMIN,13085010
827,ESOL,13085010
827,RAIN,13085010
827,RHUM,13085010
827,TMAX,13085010
827,TMIN,13085010
828,ESOL,13075030
828,RAIN,13075030
828,RHUM,13075030
828,TMAX,13075030
828,TMIN,13075030
834,ESOL,13075030
834,RAIN,13075030
834,RHUM,13075030
834,TMAX,13075030
834,TMIN,13075030
836,ESOL,13075030
836,RAIN,13075030
836,RHUM,13075030
836,TMAX,13075030
836,TMIN,13075030
1799,ESOL,13075030
1799,RAIN,13075030
1799,RHUM,13075030
1799,TMAX,13075030
1799,TMIN,13075030
2007,ESOL,13085010
2007,RAIN,13085010
2007,RHUM,13085010
2007,TMAX,13085010
2007,TMIN,13085010
2008,ESOL,13075030
2008,RAIN,13075030
2008,RHUM,13075030
2008,TMAX,13075030
2008,TMIN,13075030
2010,ESOL,13075030
2010,RAIN,13075030
2010,RHUM,13075030
2010,TMAX,13075030
2010,TMIN,13075030
2012,ESOL,13085010
2012,RAIN,13085010
2012,RHUM,13085010
2012,TMAX,13085010
2012,TMIN,13085010
2013,ESOL,13075030
2013,RAIN,13075030
2013,RHUM,13075030
2013,TMAX,13075030
2013,TMIN,13075030
2014,ESOL,13085010
2014,RAIN,13085010
2014,RHUM,13085010
2014,TMAX,13085010
2014,TMIN,13075030
2017,ESOL,13085010
2017,RAIN,13085010
2017,RHUM,13085010
2017,TMAX,13085010
2017,TMIN,13085010
2020,ESOL,13075030
2020,RAIN,13075030
2020,RHUM,13075030
2020,TMAX,13075030
2020,TMIN,13075030
2021,ESOL,13075030
2021,RAIN,13075030
2021,RHUM,13075030
2021,TMAX,13075030
2021,TMIN,13075030
2031,ESOL,13075030
2031,RAIN,13075030
2031,RHUM,13075030
2031,TMAX,13075030
2031,TMIN,13075030
2044,ESOL,13075030
2044,RAIN,13075030
2044,RHUM,13075030
2044,TMAX,13075030
2044,TMIN,13075030
2045,ESOL,13075030
2045,RAIN,13075030
2045,RHUM,13075030
2045,TMAX,13075030
2045,TMIN,13075030
2046,ESOL,13085010
2046,RAIN,13085010
2046,RHUM,13085010
2046,TMAX,13085010
2046,TMIN,13085010
2047,ESOL,13085010
2047,RAIN,13085010
2047,RHUM,13085010
2047,TMAX,13085010
2047,TMIN,13085010
2051,ESOL,13075030
2051,RAIN,13075030
2051,RHUM,13075030
2051,TMAX,13075030
2051,TMIN,13075030
2052,ESOL,13075030
2052,RAIN,13075030
2052,RHUM,13075030
2052,TMAX,13075030
2052,TMIN,13075030
2053,ESOL,13075030
2053,RAIN,13075030
2053,RHUM,13075030
2053,TMAX,13075030
2053,TMIN,13075030
2057,ESOL,13085010
2057,RAIN,13085010
2057,RHUM,13085010
2057,TMAX,13085010
2057,TMIN,13085010
2063,ESOL,13085010
2063,RAIN,13085010
2063,RHUM,13085010
2063,TMAX,13085010
2063,TMIN,13085010
2064,ESOL,13075030
2064,RAIN,13075030
2064,RHUM,13075030
2064,TMAX,13075030
2064,TMIN,13075030
2065,ESOL,13085010
2065,RAIN,13085010
2065,RHUM,13085010
2065,TMAX,13085010
2065,TMIN,13085010
2066,ESOL,13085010
2066,RAIN,13085010
2066,RHUM,13085010
2066,TMAX,13085010
2066,TMIN,13085010
2067,ESOL,13075030
2067,RAIN,13075030
2067,RHUM,13075030
2067,TMAX,13075030
2067,TMIN,13075030
2068,ESOL,13085010
2068,RAIN,13085010
2068,RHUM,13085010
2068,TMAX,13085010
2068,TMIN,13085010
2069,ESOL,13075030
2069,RAIN,13075030
2069,RHUM,13075030
2069,TMAX,13075030
2069,TMIN,13075030
2070,ESOL,13085010
2070,RAIN,13085010
2070,RHUM,13085010
2070,TMAX,13085010
2070,TMIN,13085010
2071,ESOL,13085010
2071,RAIN,13085010
2071,RHUM,13085010
2071,TMAX,13085010
2071,TMIN,13085010
2072,ESOL,13085010
2072,RAIN,13085010
2072,RHUM,13085010
2072,TMAX,13085010
2072,TMIN,13085010
2073,ESOL,13085010
2073,RAIN,13085010
2073,RHUM,13085010
2073,TMAX,13085010
2073,TMIN,13085010
2074,ESOL,13085010
2074,RAIN,13085010
2074,RHUM,13085010
2074,TMAX,13085010
2074,TMIN,13085010
2076,ESOL,13075030
2076,RAIN,13075030
2076,RHUM,13075030
2076,TMAX,13075030
2076,TMIN,13075030
2077,ESOL,13075030
2077,RAIN,13075030
2077,RHUM,13075030
2077,TMAX,13075030
2077,TMIN,13075030
2079,ESOL,13075030
2079,RAIN,13075030
2079,RHUM,13075030
2079,TMAX,13075030
2079,TMIN,13075030
2080,ESOL,13075030
2080,RAIN,13075030
2080,RHUM,13075030
2080,TMAX,13075030
2080,TMIN,13075030
2081,ESOL,13075030
2081,RAIN,13075030
2081,RHUM,13075030
2081,TMAX,13075030
2081,TMIN,13075030
2082,ESOL,13075030
2082,RAIN,13075030
2082,RHUM,13075030
2082,TMAX,13075030
2082,TMIN,13075030
2083,ESOL,13075030
2083,RAIN,13075030
2083,RHUM,13075030
2083,TMAX,13075030
2083,TMIN,13075030
2084,ESOL,13075030
2084,RAIN,13075030
2084,RHUM,13075030
2084,TMAX,13075030
2084,TMIN,13075030
2085,ESOL,13075030
2085,RAIN,13075030
2085,RHUM,13075030
2085,TMAX,13075030
2085,TMIN,13075030
2086,ESOL,13075030
2086,RAIN,13075030
2086,RHUM,13075030
2086,TMAX,13075030
2086,TMIN,13075030
2087,ESOL,13075030
2087,RAIN,13075030
2087,RHUM,13075030
2087,TMAX,13075030
2087,TMIN,13075030
2088,ESOL,13075030
2088,RAIN,13075030
2088,RHUM,13075030
2088,TMAX,13075030
2088,TMIN,13075030
2091,ESOL,13075030
2091,RAIN,13075030
2091,RHUM,13075030
2091,TMAX,13075030
2091,TMIN,13075030
2098,ESOL,13085010
2098,RAIN,13085010
2098,RHUM,13085010
2098,TMAX,13085010
2098,TMIN,13085010
2099,ESOL,13085010
2099,RAIN,13085010
2099,RHUM,13085010
2099,TMAX,13085010
2099,TMIN,13085010
2100,ESOL,13085010
2100,RAIN,13085010
2100,RHUM,13085010
2100,TMAX,13085010
2100,TMIN,13085010
2101,ESOL,13085010
2101,RAIN,13085010
2101,RHUM,13085010
2101,TMAX,13085010
2101,TMIN,13085010
2102,ESOL,13085010
2102,RAIN,13085010
2102,RHUM,13085010
2102,TMAX,13085010
2102,TMIN,13085010
2103,ESOL,13075030
2103,RAIN,13075030
2103,RHUM,13075030
2103,TMAX,13075030
2103,TMIN,13075030
2104,ESOL,13085010
2104,RAIN,13085010
2104,RHUM,13085010
2104,TMAX,13085010
2104,TMIN,13085010
2105,ESOL,13075030
2105,RAIN,13075030
2105,RHUM,13075030
2105,TMAX,13075030
2105,TMIN,13075030
2106,ESOL,13075030
2106,RAIN,13075030
2106,RHUM,13075030
2106,TMAX,13075030
2106,TMIN,13075030
2107,ESOL,13075030
2107,RAIN,13075030
2107,RHUM,13075030
2107,TMAX,13075030
2107,TMIN,13075030
2108,ESOL,13075030
2108,RAIN,13075030
2108,RHUM,13075030
2108,TMAX,13075030
2108,TMIN,13075030
2109,ESOL,13075030
2109,RAIN,13075030
2109,RHUM,13075030
2109,TMAX,13075030
2109,TMIN,13075030
2113,ESOL,13075030
2113,RAIN,13075030
2113,RHUM,13075030
2113,TMAX,13075030
2113,TMIN,13075030
2117,ESOL,13075030
2117,RAIN,13075030
2117,RHUM,13075030
2117,TMAX,13075030
2117,TMIN,13075030
2118,ESOL,13075030
2118,RAIN,13075030
2118,RHUM,13075030
2118,TMAX,13075030
2118,TMIN,13075030
2119,ESOL,13075030
2119,RAIN,13075030
2119,RHUM,13075030
2119,TMAX,13075030
2119,TMIN,13075030
2120,ESOL,13075030
2120,RAIN,13075030
2120,RHUM,13075030
2120,TMAX,13075030
2120,TMIN,13075030
2131,ESOL,13075030
2131,RAIN,13075030
2131,RHUM,13075030
2131,TMAX,13075030
2131,TMIN,13075030
2132,ESOL,13075030
2132,RAIN,13075030
2132,RHUM,13075030
2132,TMAX,13075030
2132,TMIN,13075030
2143,ESOL,13075030
2143,RAIN,13075030
2143,RHUM,13075030
2143,TMAX,13075030
2143,TMIN,13075030
2145,ESOL,13075030
2145,RAIN,13075030
2145,RHUM,13075030
2145,TMAX,13075030
2145,TMIN,13075030
2155,ESOL,13075030
2155,RAIN,13075030
2155,RHUM,13075030
2155,TMAX,13075030
2155,TMIN,13075030
2156,ESOL,13075030
2156,RAIN,13075030
2156,RHUM,13075030
2156,TMAX,13075030
2156,TMIN,13075030
2157,ESOL,13075030
2157,RAIN,13075030
2157,RHUM,13075030
2157,TMAX,13075030
2157,TMIN,13075030
2159,ESOL,13075030
2159,RAIN,13075030
2159,RHUM,13075030
2159,TMAX,13075030
2159,TMIN,13075030
2162,ESOL,13075030
2162,RAIN,13075030
2162,RHUM,13075030
2162,TMAX,13075030
2162,TMIN,13075030
2163,ESOL,13075030
2163,RAIN,13075030
2163,RHUM,13075030
2163,TMAX,13075030
2163,TMIN,13075030
2164,ESOL,13075030
2164,RAIN,13075030
2164,RHUM,13075030
2164,TMAX,13075030
2164,TMIN,13075030
2165,ESOL,13075030
2165,RAIN,13075030
2165,RHUM,13075030
2165,TMAX,13075030
2165,TMIN,13075030
2166,ESOL,13075030
2166,RAIN,13075030
2166,RHUM,13075030
2166,TMAX,13075030
2166,TMIN,13075030
2167,ESOL,13075030
2167,RAIN,13075030
2167,RHUM,13075030
2167,TMAX,13075030
2167,TMIN,13075030
2168,ESOL,13075030
2168,RAIN,13075030
2168,RHUM,13075030
2168,TMAX,13075030
2168,TMIN,13075030
2169,ESOL,13075030
2169,RAIN,13075030
2169,RHUM,13075030
2169,TMAX,13075030
2169,TMIN,13075030
2170,ESOL,13075030
2170,RAIN,13075030
2170,RHUM,13075030
2170,TMAX,13075030
2170,TMIN,13075030
2183,ESOL,13075030
2183,RAIN,13075030
2183,RHUM,13075030
2183,TMAX,13075030
2183,TMIN,13075030
2184,ESOL,13075030
2184,RAIN,13075030
2184,RHUM,13075030
2184,TMAX,13075030
2184,TMIN,13075030
2186,ESOL,13075030
2186,RAIN,13075030
2186,RHUM,13075030
2186,TMAX,13075030
2186,TMIN,13075030
2188,ESOL,13075030
2188,RAIN,13075030
2188,RHUM,13075030
2188,TMAX,13075030
2188,TMIN,13075030
2205,ESOL,13075030
2205,RAIN,13075030
2205,RHUM,13075030
2205,TMAX,13075030
2205,TMIN,13075030
2206,ESOL,13075030
2206,RAIN,13075030
2206,RHUM,13075030
2206,TMAX,13075030
2206,TMIN,13075030
2208,ESOL,13075030
2208,RAIN,13075030
2208,RHUM,13075030
2208,TMAX,13075030
2208,TMIN,13075030
2211,ESOL,13075030
2211,RAIN,13075030
2211,RHUM,13075030
2211,TMAX,13075030
2211,TMIN,13075030
2212,ESOL,13075030
2212,RAIN,13075030
2212,RHUM,13075030
2212,TMAX,13075030
2212,TMIN,13075030
2214,ESOL,13075030
2214,RAIN,13075030
2214,RHUM,13075030
2214,TMAX,13075030
2214,TMIN,13075030
2222,ESOL,13075030
2222,RAIN,13075030
2222,RHUM,13075030
2222,TMAX,13075030
2222,TMIN,13075030
2228,ESOL,13075030
2228,RAIN,13075030
2228,RHUM,13075030
2228,TMAX,13075030
2228,TMIN,13075030
2229,ESOL,13075030
2229,RAIN,13075030
2229,RHUM,13075030
2229,TMAX,13075030
2229,TMIN,13075030
2230,ESOL,13075030
2230,RAIN,13075030
2230,RHUM,13075030
2230,TMAX,13075030
2230,TMIN,13075030
2233,ESOL,13075030
2233,RAIN,13075030
2233,RHUM,13075030
2233,TMAX,13075030
2233,TMIN,13075030
2235,ESOL,13075030
2235,RAIN,13075030
2235,RHUM,13075030
2235,TMAX,13075030
2235,TMIN,13075030
2236,ESOL,13075030
2236,RAIN,13075030
2236,RHUM,13075030
2236,TMAX,13075030
2236,TMIN,13075030
2237,ESOL,13075030
2237,RAIN,13075030
2237,RHUM,13075030
2237,TMAX,13075030
2237,TMIN,13075030
2238,ESOL,13075030
2238,RAIN,13075030
2238,RHUM,13075030
2238,TMAX,13075030
2238,TMIN,13075030
2241,ESOL,13075030
2241,RAIN,13085010
2241,RHUM,13085010
2241,TMAX,13085010
2241,TMIN,13075030
2242,ESOL,13075030
2242,RAIN,13075030
2242,RHUM,13075030
2242,TMAX,13075030
2242,TMIN,13075030
2243,ESOL,13075030
2243,RAIN,13075030
2243,RHUM,13075030
2243,TMAX,13075030
2243,TMIN,13075030
2244,ESOL,13075030
2244,RAIN,13075030
2244,RHUM,13075030
2244,TMAX,13075030
2244,TMIN,13075030
2267,ESOL,13075030
2267,RAIN,13075030
2267,RHUM,13075030
2267,TMAX,13075030
2267,TMIN,13075030
2269,ESOL,13075030
2269,RAIN,13075030
2269,RHUM,13075030
2269,TMAX,13075030
2269,TMIN,13075030
2270,ESOL,13075030
2270,RAIN,13075030
2270,RHUM,13075030
2270,TMAX,13075030
2270,TMIN,13075030
2271,ESOL,13075030
2271,RAIN,13075030
2271,RHUM,13075030
2271,TMAX,13075030
2271,TMIN,13075030
2272,ESOL,13075030
2272,RAIN,13075030
2272,RHUM,13075030
2272,TMAX,13075030
2272,TMIN,13075030
2273,ESOL,13075030
2273,RAIN,13075030
2273,RHUM,13075030
2273,TMAX,13075030
2273,TMIN,13075030
2275,ESOL,13075030
2275,RAIN,13075030
2275,RHUM,13075030
2275,TMAX,13075030
2275,TMIN,13075030
2276,ESOL,13075030
2276,RAIN,13075030
2276,RHUM,13075030
2276,TMAX,13075030
2276,TMIN,13075030
2277,ESOL,13075030
2277,RAIN,13075030
2277,RHUM,13075030
2277,TMAX,13075030
2277,TMIN,13075030
2280,ESOL,13075030
2280,RAIN,13075030
2280,RHUM,13075030
2280,TMAX,13075030
2280,TMIN,13075030
2281,ESOL,13075030
2281,RAIN,13075030
2281,RHUM,13075030
2281,TMAX,13075030
2281,TMIN,13075030
2282,ESOL,13075030
2282,RAIN,13075030
2282,RHUM,13075030
2282,TMAX,13075030
2282,TMIN,13075030
2351,ESOL,13075030
2351,RAIN,13075030
2351,RHUM,13075030
2351,TMAX,13075030
2351,TMIN,13075030
2352,ESOL,13075030
2352,RAIN,13075030
2352,RHUM,13075030
2352,TMAX,13075030
2352,TMIN,13075030
2390,ESOL,13075030
2390,RAIN,13075030
2390,RHUM,13075030
2390,TMAX,13075030
2390,TMIN,13075030
2391,ESOL,13075030
2391,RAIN,13075030
2391,RHUM,13075030
2391,TMAX,13075030
2391,TMIN,13075030
2392,ESOL,13075030
2392,RAIN,13075030
2392,RHUM,13075030
2392,TMAX,13075030
2392,TMIN,13075030
2406,ESOL,13075030
2406,RAIN,13075030
2406,RHUM,13075030
2406,TMAX,13075030
2406,TMIN,13075030
2407,ESOL,13075030
2407,RAIN,13075030
2407,RHUM,13075030
2407,TMAX,13075030
2407,TMIN,13075030
2435,ESOL,13085010
2435,RAIN,13085010
2435,RHUM,13085010
2435,TMAX,13085010
2435,TMIN,13085010
2441,ESOL,13085010
2441,RAIN,13085010
2441,RHUM,13085010
2441,TMAX,13085010
2441,TMIN,13085010
2442,ESOL,13075030
2442,RAIN,13075030
2442,RHUM,13075030
2442,TMAX,13075030
2442,TMIN,13075030
2443,ESOL,13075030
2443,RAIN,13075030
2443,RHUM,13075030
2443,TMAX,13075030
2443,TMIN,13075030
2444,ESOL,13075030
2444,RAIN,13075030
2444,RHUM,13075030
2444,TMAX,13075030
2444,TMIN,13075030
2446,ESOL,13085010
2446,RAIN,13085010
2446,RHUM,13085010
2446,TMAX,13085010
2446,TMIN,13085010
2447,ESOL,13075030
2447,RAIN,13075030
2447,RHUM,13075030
2447,TMAX,13075030
2447,TMIN,13075030
2448,ESOL,13075030
2448,RAIN,13085010
2448,RHUM,13075030
2448,TMAX,13075030
2448,TMIN,13075030
2449,ESOL,13085010
2449,RAIN,13085010
2449,RHUM,13085010
2449,TMAX,13085010
2449,TMIN,13075030
2450,ESOL,13085010
2450,RAIN,13085010
2450,RHUM,13085010
2450,TMAX,13085010
2450,TMIN,13085010
2451,ESOL,13085010
2451,RAIN,13085010
2451,RHUM,13085010
2451,TMAX,13085010
2451,TMIN,13085010
2452,ESOL,13075030
2452,RAIN,13075030
2452,RHUM,13075030
2452,TMAX,13075030
2452,TMIN,13075030
2454,ESOL,13075030
2454,RAIN,13075030
2454,RHUM,13075030
2454,TMAX,13075030
2454,TMIN,13075030
2455,ESOL,13075030
2455,RAIN,13075030
2455,RHUM,13075030
2455,TMAX,13075030
2455,TMIN,13075030
2456,ESOL,13085010
2456,RAIN,13085010
2456,RHUM,13085010
2456,TMAX,13085010
2456,TMIN,13085010
2464,ESOL,13075030
2464,RAIN,13075030
2464,RHUM,13075030
2464,TMAX,13075030
2464,TMIN,13075030
2465,ESOL,13075030
2465,RAIN,13075030
2465,RHUM,13075030
2465,TMAX,13075030
2465,TMIN,13075030
2468,ESOL,13075030
2468,RAIN,13075030
2468,RHUM,13075030
2468,TMAX,13075030
2468,TMIN,13075030
2469,ESOL,13075030
2469,RAIN,13075030
2469,RHUM,13075030
2469,TMAX,13075030
2469,TMIN,13075030
2502,ESOL,13085010
2502,RAIN,13085010
2502,RHUM,13075030
2502,TMAX,13075030
2502,TMIN,13075030
2503,ESOL,13085010
2503,RAIN,13085010
2503,RHUM,13085010
2503,TMAX,13085010
2503,TMIN,13085010
2504,ESOL,13075030
2504,RAIN,13075030
2504,RHUM,13075030
2504,TMAX,13075030
2504,TMIN,13075030
2523,ESOL,13075030
2523,RAIN,13075030
2523,RHUM,13075030
2523,TMAX,13075030
2523,TMIN,13075030
2525,ESOL,13085010
2525,RAIN,13085010
2525,RHUM,13085010
2525,TMAX,13085010
2525,TMIN,13085010
2526,ESOL,13085010
2526,RAIN,13085010
2526,RHUM,13085010
2526,TMAX,13085010
2526,TMIN,13085010
2554,ESOL,13085010
2554,RAIN,13085010
2554,RHUM,13085010
2554,TMAX,13085010
2554,TMIN,13075030
2560,ESOL,13075030
2560,RAIN,13075030
2560,RHUM,13075030
2560,TMAX,13075030
2560,TMIN,13075030
2562,ESOL,13085010
2562,RAIN,13085010
2562,RHUM,13085010
2562,TMAX,13085010
2562,TMIN,13085010
2564,ESOL,13085010
2564,RAIN,13085010
2564,RHUM,13085010
2564,TMAX,13085010
2564,TMIN,13085010
2565,ESOL,13085010
2565,RAIN,13085010
2565,RHUM,13085010
2565,TMAX,13085010
2565,TMIN,13085010
2566,ESOL,13085010
2566,RAIN,13085010
2566,RHUM,13085010
2566,TMAX,13085010
2566,TMIN,13085010
2567,ESOL,13085010
2567,RAIN,13085010
2567,RHUM,13085010
2567,TMAX,13085010
2567,TMIN,13085010
2569,ESOL,13075030
2569,RAIN,13075030
2569,RHUM,13075030
2569,TMAX,13075030
2569,TMIN,13075030
2573,ESOL,13075030
2573,RAIN,13075030
2573,RHUM,13075030
2573,TMAX,13075030
2573,TMIN,13075030
2575,ESOL,13085010
2575,RAIN,13085010
2575,RHUM,13085010
2575,TMAX,13085010
2575,TMIN,13085010
2576,ESOL,13075030
2576,RAIN,13075030
2576,RHUM,13075030
2576,TMAX,13075030
2576,TMIN,13075030
2577,ESOL,13075030
2577,RAIN,13075030
2577,RHUM,13075030
2577,TMAX,13075030
2577,TMIN,13075030
2578,ESOL,13075030
2578,RAIN,13075030
2578,RHUM,13075030
2578,TMAX,13075030
2578,TMIN,13075030
2579,ESOL,13075030
2579,RAIN,13075030
2579,RHUM,13075030
2579,TMAX,13075030
2579,TMIN,13075030
2580,ESOL,13075030
2580,RAIN,13075030
2580,RHUM,13075030
2580,TMAX,13075030
2580,TMIN,13075030
2581,ESOL,13075030
2581,RAIN,13075030
2581,RHUM,13075030
2581,TMAX,13075030
2581,TMIN,13075030
2582,ESOL,13075030
2582,RAIN,13075030
2582,RHUM,13075030
2582,TMAX,13075030
2582,TMIN,13075030
2583,ESOL,13075030
2583,RAIN,13075030
2583,RHUM,13075030
2583,TMAX,13075030
2583,TMIN,13075030
2584,ESOL,13075030
2584,RAIN,13075030
2584,RHUM,13075030
2584,TMAX,13075030
2584,TMIN,13075030
2585,ESOL,13075030
2585,RAIN,13075030
2585,RHUM,13075030
2585,TMAX,13075030
2585,TMIN,13075030
2586,ESOL,13075030
2586,RAIN,13075030
2586,RHUM,13075030
2586,TMAX,13075030
2586,TMIN,13075030
2587,ESOL,13075030
2587,RAIN,13075030
2587,RHUM,13075030
2587,TMAX,13075030
2587,TMIN,13075030
2588,ESOL,13085010
2588,RAIN,13085010
2588,RHUM,13085010
2588,TMAX,13085010
2588,TMIN,13085010
2589,ESOL,13085010
2589,RAIN,13085010
2589,RHUM,13085010
2589,TMAX,13085010
2589,TMIN,13085010
2591,ESOL,13085010
2591,RAIN,13085010
2591,RHUM,13085010
2591,TMAX,13085010
2591,TMIN,13085010
2592,ESOL,13075030
2592,RAIN,13075030
2592,RHUM,13075030
2592,TMAX,13075030
2592,TMIN,13075030
2594,ESOL,13075030
2594,RAIN,13075030
2594,RHUM,13075030
2594,TMAX,13075030
2594,TMIN,13075030
2595,ESOL,13075030
2595,RAIN,13075030
2595,RHUM,13075030
2595,TMAX,13075030
2595,TMIN,13075030
2596,ESOL,13075030
2596,RAIN,13075030
2596,RHUM,13075030
2596,TMAX,13075030
2596,TMIN,13075030
2597,ESOL,13075030
2597,RAIN,13075030
2597,RHUM,13075030
2597,TMAX,13075030
2597,TMIN,13075030
2617,ESOL,13085010
2617,RAIN,13085010
2617,RHUM,13085010
2617,TMAX,13085010
2617,TMIN,13075030
2618,ESOL,13085010
2618,RAIN,13085010
2618,RHUM,13085010
2618,TMAX,13085010
2618,TMIN,13075030
2619,ESOL,13075030
2619,RAIN,13075030
2619,RHUM,13075030
2619,TMAX,13075030
2619,TMIN,13075030
2620,ESOL,13075030
2620,RAIN,13075030
2620,RHUM,13075030
2620,TMAX,13075030
2620,TMIN,13075030
2622,ESOL,13085010
2622,RAIN,13085010
2622,RHUM,13085010
2622,TMAX,13085010
2622,TMIN,13075030
2623,ESOL,13085010
2623,RAIN,13085010
2623,RHUM,13085010
2623,TMAX,13085010
2623,TMIN,13075030
2624,ESOL,13085010
2624,RAIN,13085010
2624,RHUM,13085010
2624,TMAX,13085010
2624,TMIN,13075030
2626,ESOL,13075030
2626,RAIN,13075030
2626,RHUM,13075030
2626,TMAX,13075030
2626,TMIN,13075030
2628,ESOL,13085010
2628,RAIN,13085010
2628,RHUM,13085010
2628,TMAX,13085010
2628,TMIN,13075030
2629,ESOL,13085010
2629,RAIN,13085010
2629,RHUM,13075030
2629,TMAX,13075030
2629,TMIN,13075030
2630,ESOL,13075030
2630,RAIN,13075030
2630,RHUM,13075030
2630,TMAX,13075030
2630,TMIN,13075030
2631,ESOL,13085010
2631,RAIN,13085010
2631,RHUM,13075030
2631,TMAX,13075030
2631,TMIN,13075030
2632,ESOL,13085010
2632,RAIN,13085010
2632,RHUM,13085010
2632,TMAX,13085010
2632,TMIN,13085010
2633,ESOL,13085010
2633,RAIN,13085010
2633,RHUM,13085010
2633,TMAX,13085010
2633,TMIN,13075030
2636,ESOL,13075030
2636,RAIN,13075030
2636,RHUM,13075030
2636,TMAX,13075030
2636,TMIN,13075030
2637,ESOL,13075030
2637,RAIN,13075030
2637,RHUM,13075030
2637,TMAX,13075030
2637,TMIN,13075030
2662,ESOL,13075030
2662,RAIN,13075030
2662,RHUM,13075030
2662,TMAX,13075030
2662,TMIN,13075030
2733,ESOL,13075030
2733,RAIN,13075030
2733,RHUM,13075030
2733,TMAX,13075030
2733,TMIN,13075030
2735,ESOL,13075030
2735,RAIN,13075030
2735,RHUM,13075030
2735,TMAX,13075030
2735,TMIN,13075030
2771,ESOL,13075030
2771,RAIN,13075030
2771,RHUM,13075030
2771,TMAX,13075030
2771,TMIN,13075030
2860,ESOL,13075030
2860,RAIN,13075030
2860,RHUM,13075030
2860,TMAX,13075030
2860,TMIN,13075030
2862,ESOL,13075030
2862,RAIN,13075030
2862,RHUM,13075030
2862,TMAX,13075030
2862,TMIN,13075030
2863,ESOL,13075030
2863,RAIN,13075030
2863,RHUM,13075030
2863,TMAX,13075030
2863,TMIN,13075030
2864,ESOL,13075030
2864,RAIN,13075030
2864,RHUM,13075030
2864,TMAX,13075030
2864,TMIN,13075030
2865,ESOL,13075030
2865,RAIN,13075030
2865,RHUM,13075030
2865,TMAX,13075030
2865,TMIN,13075030
2866,ESOL,13075030
2866,RAIN,13075030
2866,RHUM,13075030
2866,TMAX,13075030
2866,TMIN,13075030
2867,ESOL,13075030
2867,RAIN,13075030
2867,RHUM,13075030
2867,TMAX,13075030
2867,TMIN,13075030
2892,ESOL,13075030
2892,RAIN,13075030
2892,RHUM,13075030
2892,TMAX,13075030
2892,TMIN,13075030
3022,ESOL,13075030
3022,RAIN,13075030
3022,RHUM,13075030
3022,TMAX,13075030
3022,TMIN,13075030
3024,ESOL,13085010
3024,RAIN,13085010
3024,RHUM,13085010
3024,TMAX,13085010
3024,TMIN,13085010
3037,ESOL,13085010
3037,RAIN,13085010
3037,RHUM,13085010
3037,TMAX,13085010
3037,TMIN,13085010
3038,ESOL,13085010
3038,RAIN,13085010
3038,RHUM,13085010
3038,TMAX,13085010
3038,TMIN,13085010
3039,ESOL,13085010
3039,RAIN,13085010
3039,RHUM,13085010
3039,TMAX,13085010
3039,TMIN,13085010
3040,ESOL,13075030
3040,RAIN,13075030
3040,RHUM,13075030
3040,TMAX,13075030
3040,TMIN,13075030
3041,ESOL,13085010
3041,RAIN,13085010
3041,RHUM,13085010
3041,TMAX,13085010
3041,TMIN,13085010
3042,ESOL,13085010
3042,RAIN,13085010
3042,RHUM,13085010
3042,TMAX,13085010
3042,TMIN,13085010
3043,ESOL,13085010
3043,RAIN,13085010
3043,RHUM,13085010
3043,TMAX,13085010
3043,TMIN,13085010
3044,ESOL,13085010
3044,RAIN,13085010
3044,RHUM,13075030
3044,TMAX,13085010
3044,TMIN,13085010
3045,ESOL,13085010
3045,RAIN,13085010
3045,RHUM,13085010
3045,TMAX,13085010
3045,TMIN,13085010
3048,ESOL,13085010
3048,RAIN,13085010
3048,RHUM,13085010
3048,TMAX,13085010
3048,TMIN,13085010
3123,ESOL,13075030
3123,RAIN,13075030
3123,RHUM,13075030
3123,TMAX,13075030
3123,TMIN,13075030
3124,ESOL,13075030
3124,RAIN,13075030
3124,RHUM,13075030
3124,TMAX,13075030
3124,TMIN,13075030
3125,ESOL,13075030
3125,RAIN,13075030
3125,RHUM,13075030
3125,TMAX,13075030
3125,TMIN,13075030
3161,ESOL,13075030
3161,RAIN,13075030
3161,RHUM,13075030
3161,TMAX,13075030
3161,TMIN,13075030
3165,ESOL,13075030
3165,RAIN,13075030
3165,RHUM,13075030
3165,TMAX,13075030
3165,TMIN,13075030
3167,ESOL,13075030
3167,RAIN,13075030
3167,RHUM,13075030
3167,TMAX,13075030
3167,TMIN,13075030
3168,ESOL,13075030
3168,RAIN,13075030
3168,RHUM,13075030
3168,TMAX,13075030
3168,TMIN,13075030
3169,ESOL,13085010
3169,RAIN,13085010
3169,RHUM,13085010
3169,TMAX,13085010
3169,TMIN,13085010
3170,ESOL,13075030
3170,RAIN,13075030
3170,RHUM,13075030
3170,TMAX,13075030
3170,TMIN,13075030
3171,ESOL,13075030
3171,RAIN,13075030
3171,RHUM,13075030
3171,TMAX,13075030
3171,TMIN,13075030
3172,ESOL,13075030
3172,RAIN,13075030
3172,RHUM,13075030
3172,TMAX,13075030
3172,TMIN,13075030
3173,ESOL,13075030
3173,RAIN,13075030
3173,RHUM,13075030
3173,TMAX,13075030
3173,TMIN,13075030
3174,ESOL,13085010
3174,RAIN,13085010
3174,RHUM,13085010
3174,TMAX,13085010
3174,TMIN,13085010
3175,ESOL,13075030
3175,RAIN,13075030
3175,RHUM,13075030
3175,TMAX,13075030
3175,TMIN,13075030
3176,ESOL,13085010
3176,RAIN,13085010
3176,RHUM,13085010
3176,TMAX,13085010
3176,TMIN,13085010
3177,ESOL,13085010
3177,RAIN,13085010
3177,RHUM,13085010
3177,TMAX,13085010
3177,TMIN,13085010
3179,ESOL,13085010
3179,RAIN,13085010
3179,RHUM,13085010
3179,TMAX,13085010
3179,TMIN,13085010
3180,ESOL,13085010
3180,RAIN,13085010
3180,RHUM,13085010
3180,TMAX,13085010
3180,TMIN,13085010
3181,ESOL,13085010
3181,RAIN,13085010
3181,RHUM,13085010
3181,TMAX,13085010
3181,TMIN,13085010
3182,ESOL,13085010
3182,RAIN,13085010
3182,RHUM,13085010
3182,TMAX,13085010
3182,TMIN,13085010
3183,ESOL,13085010
3183,RAIN,13085010
3183,RHUM,13085010
3183,TMAX,13085010
3183,TMIN,13085010
3184,ESOL,13085010
3184,RAIN,13085010
3184,RHUM,13085010
3184,TMAX,13085010
3184,TMIN,13085010
3185,ESOL,13075030
3185,RAIN,13075030
3185,RHUM,13075030
3185,TMAX,13075030
3185,TMIN,13075030
3187,ESOL,13075030
3187,RAIN,13075030
3187,RHUM,13075030
3187,TMAX,13075030
3187,TMIN,13075030
3188,ESOL,13075030
3188,RAIN,13075030
3188,RHUM,13075030
3188,TMAX,13075030
3188,TMIN,13075030
3189,ESOL,13075030
3189,RAIN,13075030
3189,RHUM,13075030
3189,TMAX,13075030
3189,TMIN,13075030
3190,ESOL,13075030
3190,RAIN,13075030
3190,RHUM,13075030
3190,TMAX,13075030
3190,TMIN,13075030
3191,ESOL,13085010
3191,RAIN,13085010
3191,RHUM,13085010
3191,TMAX,13085010
3191,TMIN,13085010
3192,ESOL,13075030
3192,RAIN,13075030
3192,RHUM,13075030
3192,TMAX,13075030
3192,TMIN,13075030
3193,ESOL,13085010
3193,RAIN,13085010
3193,RHUM,13085010
3193,TMAX,13085010
3193,TMIN,13085010
3194,ESOL,13085010
3194,RAIN,13085010
3194,RHUM,13085010
3194,TMAX,13085010
3194,TMIN,13085010
3195,ESOL,13085010
3195,RAIN,13085010
3195,RHUM,13085010
3195,TMAX,13085010
3195,TMIN,13085010
3196,ESOL,13075030
3196,RAIN,13075030
3196,RHUM,13075030
3196,TMAX,13075030
3196,TMIN,13075030
3197,ESOL,13075030
3197,RAIN,13075030
3197,RHUM,13075030
3197,TMAX,13075030
3197,TMIN,13075030
3198,ESOL,13075030
3198,RAIN,13075030
3198,RHUM,13075030
3198,TMAX,13075030
3198,TMIN,13075030
3201,ESOL,13085010
3201,RAIN,13085010
3201,RHUM,13085010
3201,TMAX,13085010
3201,TMIN,13085010
3202,ESOL,13085010
3202,RAIN,13085010
3202,RHUM,13085010
3202,TMAX,13085010
3202,TMIN,13085010
3203,ESOL,13085010
3203,RAIN,13085010
3203,RHUM,13085010
3203,TMAX,13085010
3203,TMIN,13085010
3204,ESOL,13085010
3204,RAIN,13085010
3204,RHUM,13085010
3204,TMAX,13085010
3204,TMIN,13085010
3205,ESOL,13085010
3205,RAIN,13085010
3205,RHUM,13085010
3205,TMAX,13085010
3205,TMIN,13085010
3206,ESOL,13085010
3206,RAIN,13085010
3206,RHUM,13085010
3206,TMAX,13085010
3206,TMIN,13085010
3207,ESOL,13085010
3207,RAIN,13085010
3207,RHUM,13085010
3207,TMAX,13085010
3207,TMIN,13085010
3208,ESOL,13085010
3208,RAIN,13085010
3208,RHUM,13085010
3208,TMAX,13085010
3208,TMIN,13085010
3209,ESOL,13085010
3209,RAIN,13085010
3209,RHUM,13085010
3209,TMAX,13085010
3209,TMIN,13085010
3210,ESOL,13085010
3210,RAIN,13085010
3210,RHUM,13085010
3210,TMAX,13085010
3210,TMIN,13085010
3211,ESOL,13085010
3211,RAIN,13085010
3211,RHUM,13085010
3211,TMAX,13085010
3211,TMIN,13085010
3212,ESOL,13085010
3212,RAIN,13085010
3212,RHUM,13085010
3212,TMAX,13085010
3212,TMIN,13085010
3213,ESOL,13085010
3213,RAIN,13085010
3213,RHUM,13085010
3213,TMAX,13085010
3213,TMIN,13085010
3214,ESOL,13085010
3214,RAIN,13085010
3214,RHUM,13085010
3214,TMAX,13085010
3214,TMIN,13085010
3215,ESOL,13085010
3215,RAIN,13085010
3215,RHUM,13085010
3215,TMAX,13085010
3215,TMIN,13085010
3216,ESOL,13085010
3216,RAIN,13085010
3216,RHUM,13085010
3216,TMAX,13085010
3216,TMIN,13085010
3217,ESOL,13085010
3217,RAIN,13085010
3217,RHUM,13085010
3217,TMAX,13085010
3217,TMIN,13085010
3218,ESOL,13085010
3218,RAIN,13085010
3218,RHUM,13085010
3218,TMAX,13085010
3218,TMIN,13085010
3219,ESOL,13085010
3219,RAIN,13085010
3219,RHUM,13085010
3219,TMAX,13085010
3219,TMIN,13085010
3220,ESOL,13085010
3220,RAIN,13085010
3220,RHUM,13085010
3220,TMAX,13085010
3220,TMIN,13085010
3221,ESOL,13085010
3221,RAIN,13085010
3221,RHUM,13085010
3221,TMAX,13085010
3221,TMIN,13085010
3222,ESOL,13085010
3222,RAIN,13085010
3222,RHUM,13085010
3222,TMAX,13085010
3222,TMIN,13085010
3223,ESOL,13085010
3223,RAIN,13085010
3223,RHUM,13085010
3223,TMAX,13085010
3223,TMIN,13085010
3224,ESOL,13085010
3224,RAIN,13085010
3224,RHUM,13085010
3224,TMAX,13085010
3224,TMIN,13085010
3225,ESOL,13085010
3225,RAIN,13085010
3225,RHUM,13085010
3225,TMAX,13085010
3225,TMIN,13085010
3226,ESOL,13085010
3226,RAIN,13085010
3226,RHUM,13085010
3226,TMAX,13085010
3226,TMIN,13085010
3227,ESOL,13075030
3227,RAIN,13075030
3227,RHUM,13075030
3227,TMAX,13085010
3227,TMIN,13085010
3228,ESOL,13085010
3228,RAIN,13085010
3228,RHUM,13085010
3228,TMAX,13085010
3228,TMIN,13085010
3229,ESOL,13085010
3229,RAIN,13085010
3229,RHUM,13085010
3229,TMAX,13085010
3229,TMIN,13085010
3230,ESOL,13085010
3230,RAIN,13085010
3230,RHUM,13085010
3230,TMAX,13085010
3230,TMIN,13085010
3231,ESOL,13085010
3231,RAIN,13085010
3231,RHUM,13085010
3231,TMAX,13085010
3231,TMIN,13085010
3232,ESOL,13075030
3232,RAIN,13075030
3232,RHUM,13075030
3232,TMAX,13075030
3232,TMIN,13075030
3233,ESOL,13075030
3233,RAIN,13075030
3233,RHUM,13075030
3233,TMAX,13075030
3233,TMIN,13075030
3234,ESOL,13075030
3234,RAIN,13075030
3234,RHUM,13075030
3234,TMAX,13075030
3234,TMIN,13075030
3235,ESOL,13075030
3235,RAIN,13075030
3235,RHUM,13075030
3235,TMAX,13075030
3235,TMIN,13075030
3236,ESOL,13075030
3236,RAIN,13075030
3236,RHUM,13075030
3236,TMAX,13075030
3236,TMIN,13075030
3237,ESOL,13075030
3237,RAIN,13075030
3237,RHUM,13075030
3237,TMAX,13075030
3237,TMIN,13075030
3238,ESOL,13075030
3238,RAIN,13075030
3238,RHUM,13075030
3238,TMAX,13075030
3238,TMIN,13075030
3239,ESOL,13075030
3239,RAIN,13075030
3239,RHUM,13075030
3239,TMAX,13075030
3239,TMIN,13075030
3240,ESOL,13075030
3240,RAIN,13075030
3240,RHUM,13075030
3240,TMAX,13075030
3240,TMIN,13075030
3241,ESOL,13075030
3241,RAIN,13075030
3241,RHUM,13075030
3241,TMAX,13075030
3241,TMIN,13075030
3242,ESOL,13075030
3242,RAIN,13075030
3242,RHUM,13075030
3242,TMAX,13075030
3242,TMIN,13075030
3243,ESOL,13075030
3243,RAIN,13075030
3243,RHUM,13075030
3243,TMAX,13075030
3243,TMIN,13075030
3247,ESOL,13075030
3247,RAIN,13075030
3247,RHUM,13075030
3247,TMAX,13075030
3247,TMIN,13075030
3248,ESOL,13075030
3248,RAIN,13075030
3248,RHUM,13075030
3248,TMAX,13075030
3248,TMIN,13075030
3249,ESOL,13075030
3249,RAIN,13075030
3249,RHUM,13075030
3249,TMAX,13075030
3249,TMIN,13075030
3250,ESOL,13075030
3250,RAIN,13075030
3250,RHUM,13075030
3250,TMAX,13075030
3250,TMIN,13075030
3251,ESOL,13075030
3251,RAIN,13075030
3251,RHUM,13075030
3251,TMAX,13075030
3251,TMIN,13075030
3252,ESOL,13075030
3252,RAIN,13075030
3252,RHUM,13075030
3252,TMAX,13075030
3252,TMIN,13075030
3253,ESOL,13075030
3253,RAIN,13075030
3253,RHUM,13075030
3253,TMAX,13075030
3253,TMIN,13075030
3254,ESOL,13075030
3254,RAIN,13075030
3254,RHUM,13075030
3254,TMAX,13075030
3254,TMIN,13075030
3255,ESOL,13075030
3255,RAIN,13075030
3255,RHUM,13075030
3255,TMAX,13075030
3255,TMIN,13075030
3267,ESOL,13085010
3267,RAIN,13085010
3267,RHUM,13085010
3267,TMAX,13085010
3267,TMIN,13085010
3268,ESOL,13085010
3268,RAIN,13085010
3268,RHUM,13085010
3268,TMAX,13085010
3268,TMIN,13085010
3269,ESOL,13085010
3269,RAIN,13085010
3269,RHUM,13085010
3269,TMAX,13085010
3269,TMIN,13085010
3270,ESOL,13085010
3270,RAIN,13085010
3270,RHUM,13085010
3270,TMAX,13085010
3270,TMIN,13085010
3271,ESOL,13085010
3271,RAIN,13085010
3271,RHUM,13085010
3271,TMAX,13085010
3271,TMIN,13085010
3272,ESOL,13085010
3272,RAIN,13085010
3272,RHUM,13085010
3272,TMAX,13085010
3272,TMIN,13085010
3273,ESOL,13085010
3273,RAIN,13085010
3273,RHUM,13085010
3273,TMAX,13085010
3273,TMIN,13085010
3274,ESOL,13075030
3274,RAIN,13075030
3274,RHUM,13085010
3274,TMAX,13085010
3274,TMIN,13085010
3275,ESOL,13085010
3275,RAIN,13085010
3275,RHUM,13085010
3275,TMAX,13085010
3275,TMIN,13085010
3276,ESOL,13085010
3276,RAIN,13085010
3276,RHUM,13085010
3276,TMAX,13085010
3276,TMIN,13085010
3277,ESOL,13085010
3277,RAIN,13085010
3277,RHUM,13085010
3277,TMAX,13085010
3277,TMIN,13085010
3278,ESOL,13085010
3278,RAIN,13085010
3278,RHUM,13085010
3278,TMAX,13085010
3278,TMIN,13085010
3279,ESOL,13085010
3279,RAIN,13085010
3279,RHUM,13085010
3279,TMAX,13085010
3279,TMIN,13085010
3280,ESOL,13085010
3280,RAIN,13085010
3280,RHUM,13085010
3280,TMAX,13085010
3280,TMIN,13085010
3283,ESOL,13075030
3283,RAIN,13075030
3283,RHUM,13075030
3283,TMAX,13075030
3283,TMIN,13075030
3284,ESOL,13075030
3284,RAIN,13075030
3284,RHUM,13075030
3284,TMAX,13075030
3284,TMIN,13075030
3285,ESOL,13075030
3285,RAIN,13075030
3285,RHUM,13075030
3285,TMAX,13075030
3285,TMIN,13075030
3286,ESOL,13075030
3286,RAIN,13075030
3286,RHUM,13075030
3286,TMAX,13075030
3286,TMIN,13075030
3287,ESOL,13075030
3287,RAIN,13075030
3287,RHUM,13075030
3287,TMAX,13075030
3287,TMIN,13075030
3288,ESOL,13075030
3288,RAIN,13075030
3288,RHUM,13075030
3288,TMAX,13075030
3288,TMIN,13075030
3289,ESOL,13075030
3289,RAIN,13075030
3289,RHUM,13075030
3289,TMAX,13075030
3289,TMIN,13075030
3290,ESOL,13075030
3290,RAIN,13075030
3290,RHUM,13075030
3290,TMAX,13075030
3290,TMIN,13075030
3291,ESOL,13075030
3291,RAIN,13075030
3291,RHUM,13075030
3291,TMAX,13075030
3291,TMIN,13075030
3292,ESOL,13075030
3292,RAIN,13075030
3292,RHUM,13075030
3292,TMAX,13075030
3292,TMIN,13075030
3293,ESOL,13075030
3293,RAIN,13075030
3293,RHUM,13075030
3293,TMAX,13075030
3293,TMIN,13075030
3294,ESOL,13075030
3294,RAIN,13075030
3294,RHUM,13075030
3294,TMAX,13075030
3294,TMIN,13075030
3295,ESOL,13075030
3295,RAIN,13075030
3295,RHUM,13075030
3295,TMAX,13075030
3295,TMIN,13075030
3297,ESOL,13085010
3297,RAIN,13085010
3297,RHUM,13085010
3297,TMAX,13085010
3297,TMIN,13085010
3298,ESOL,13085010
3298,RAIN,13085010
3298,RHUM,13085010
3298,TMAX,13085010
3298,TMIN,13085010
3299,ESOL,13085010
3299,RAIN,13085010
3299,RHUM,13085010
3299,TMAX,13085010
3299,TMIN,13085010
3300,ESOL,13085010
3300,RAIN,13085010
3300,RHUM,13085010
3300,TMAX,13085010
3300,TMIN,13085010
3301,ESOL,13085010
3301,RAIN,13085010
3301,RHUM,13085010
3301,TMAX,13085010
3301,TMIN,13085010
3302,ESOL,13085010
3302,RAIN,13085010
3302,RHUM,13085010
3302,TMAX,13085010
3302,TMIN,13085010
3303,ESOL,13075030
3303,RAIN,13075030
3303,RHUM,13075030
3303,TMAX,13075030
3303,TMIN,13075030
3304,ESOL,13075030
3304,RAIN,13075030
3304,RHUM,13075030
3304,TMAX,13075030
3304,TMIN,13075030
3305,ESOL,13075030
3305,RAIN,13075030
3305,RHUM,13075030
3305,TMAX,13075030
3305,TMIN,13075030
3306,ESOL,13075030
3306,RAIN,13075030
3306,RHUM,13075030
3306,TMAX,13075030
3306,TMIN,13075030
3307,ESOL,13075030
3307,RAIN,13075030
3307,RHUM,13075030
3307,TMAX,13075030
3307,TMIN,13075030
3308,ESOL,13075030
3308,RAIN,13075030
3308,RHUM,13075030
3308,TMAX,13075030
3308,TMIN,13075030
3309,ESOL,13075030
3309,RAIN,13075030
3309,RHUM,13075030
3309,TMAX,13075030
3309,TMIN,13075030
3310,ESOL,13075030
3310,RAIN,13075030
3310,RHUM,13075030
3310,TMAX,13075030
3310,TMIN,13075030
3311,ESOL,13075030
3311,RAIN,13075030
3311,RHUM,13075030
3311,TMAX,13075030
3311,TMIN,13075030
3312,ESOL,13075030
3312,RAIN,13075030
3312,RHUM,13075030
3312,TMAX,13075030
3312,TMIN,13075030
3313,ESOL,13075030
3313,RAIN,13075030
3313,RHUM,13075030
3313,TMAX,13075030
3313,TMIN,13075030
3314,ESOL,13075030
3314,RAIN,13075030
3314,RHUM,13075030
3314,TMAX,13075030
3314,TMIN,13075030
3315,ESOL,13075030
3315,RAIN,13075030
3315,RHUM,13075030
3315,TMAX,13075030
3315,TMIN,13075030
3316,ESOL,13075030
3316,RAIN,13075030
3316,RHUM,13075030
3316,TMAX,13075030
3316,TMIN,13075030
3317,ESOL,13075030
3317,RAIN,13075030
3317,RHUM,13075030
3317,TMAX,13075030
3317,TMIN,13075030
3318,ESOL,13075030
3318,RAIN,13075030
3318,RHUM,13075030
3318,TMAX,13075030
3318,TMIN,13075030
3319,ESOL,13075030
3319,RAIN,13075030
3319,RHUM,13075030
3319,TMAX,13075030
3319,TMIN,13075030
3320,ESOL,13075030
3320,RAIN,13075030
3320,RHUM,13075030
3320,TMAX,13075030
3320,TMIN,13075030
3321,ESOL,13075030
3321,RAIN,13075030
3321,RHUM,13075030
3321,TMAX,13075030
3321,TMIN,13075030
3322,ESOL,13075030
3322,RAIN,13075030
3322,RHUM,13075030
3322,TMAX,13075030
3322,TMIN,13075030
3323,ESOL,13075030
3323,RAIN,13075030
3323,RHUM,13075030
3323,TMAX,13075030
3323,TMIN,13075030
3324,ESOL,13075030
3324,RAIN,13075030
3324,RHUM,13075030
3324,TMAX,13075030
3324,TMIN,13075030
3325,ESOL,13075030
3325,RAIN,13075030
3325,RHUM,13075030
3325,TMAX,13075030
3325,TMIN,13075030
3326,ESOL,13075030
3326,RAIN,13075030
3326,RHUM,13075030
3326,TMAX,13075030
3326,TMIN,13075030
3328,ESOL,13075030
3328,RAIN,13075030
3328,RHUM,13075030
3328,TMAX,13075030
3328,TMIN,13075030
3329,ESOL,13085010
3329,RAIN,13085010
3329,RHUM,13085010
3329,TMAX,13085010
3329,TMIN,13085010
3330,ESOL,13085010
3330,RAIN,13085010
3330,RHUM,13085010
3330,TMAX,13085010
3330,TMIN,13085010
3331,ESOL,13085010
3331,RAIN,13085010
3331,RHUM,13085010
3331,TMAX,13085010
3331,TMIN,13085010
3332,ESOL,13075030
3332,RAIN,13075030
3332,RHUM,13075030
3332,TMAX,13085010
3332,TMIN,13085010
3333,ESOL,13075030
3333,RAIN,13075030
3333,RHUM,13085010
3333,TMAX,13085010
3333,TMIN,13085010
3334,ESOL,13075030
3334,RAIN,13075030
3334,RHUM,13085010
3334,TMAX,13085010
3334,TMIN,13085010
3335,ESOL,13075030
3335,RAIN,13075030
3335,RHUM,13075030
3335,TMAX,13085010
3335,TMIN,13085010
3336,ESOL,13075030
3336,RAIN,13075030
3336,RHUM,13085010
3336,TMAX,13085010
3336,TMIN,13085010
3337,ESOL,13085010
3337,RAIN,13085010
3337,RHUM,13085010
3337,TMAX,13085010
3337,TMIN,13085010
3339,ESOL,13075030
3339,RAIN,13075030
3339,RHUM,13075030
3339,TMAX,13075030
3339,TMIN,13075030
3340,ESOL,13075030
3340,RAIN,13075030
3340,RHUM,13075030
3340,TMAX,13085010
3340,TMIN,13085010
3341,ESOL,13075030
3341,RAIN,13075030
3341,RHUM,13075030
3341,TMAX,13085010
3341,TMIN,13085010
3342,ESOL,13085010
3342,RAIN,13085010
3342,RHUM,13085010
3342,TMAX,13085010
3342,TMIN,13085010
3343,ESOL,13085010
3343,RAIN,13085010
3343,RHUM,13085010
3343,TMAX,13085010
3343,TMIN,13085010
3344,ESOL,13075030
3344,RAIN,13075030
3344,RHUM,13075030
3344,TMAX,13075030
3344,TMIN,13075030
3345,ESOL,13085010
3345,RAIN,13085010
3345,RHUM,13085010
3345,TMAX,13085010
3345,TMIN,13085010
3346,ESOL,13085010
3346,RAIN,13085010
3346,RHUM,13085010
3346,TMAX,13085010
3346,TMIN,13085010
3347,ESOL,13085010
3347,RAIN,13085010
3347,RHUM,13085010
3347,TMAX,13085010
3347,TMIN,13085010
3348,ESOL,13085010
3348,RAIN,13085010
3348,RHUM,13085010
3348,TMAX,13085010
3348,TMIN,13085010
3713,ESOL,13085010
3713,RAIN,13085010
3713,RHUM,13075030
3713,TMAX,13075030
3713,TMIN,13075030
3732,ESOL,13075030
3732,RAIN,13075030
3732,RHUM,13075030
3732,TMAX,13075030
3732,TMIN,13075030
3741,ESOL,13075030
3741,RAIN,13075030
3741,RHUM,13075030
3741,TMAX,13075030
3741,TMIN,13075030
3775,ESOL,13085010
3775,RAIN,13085010
3775,RHUM,13085010
3775,TMAX,13085010
3775,TMIN,13085010
3816,ESOL,13075030
3816,RAIN,13075030
3816,RHUM,13075030
3816,TMAX,13075030
3816,TMIN,13075030
3817,ESOL,13075030
3817,RAIN,13075030
3817,RHUM,13075030
3817,TMAX,13075030
3817,TMIN,13075030
3818,ESOL,13075030
3818,RAIN,13075030
3818,RHUM,13085010
3818,TMAX,13085010
3818,TMIN,13085010
3819,ESOL,13075030
3819,RAIN,13075030
3819,RHUM,13075030
3819,TMAX,13075030
3819,TMIN,13075030
3820,ESOL,13085010
3820,RAIN,13085010
3820,RHUM,13085010
3820,TMAX,13085010
3820,TMIN,13085010
3821,ESOL,13075030
3821,RAIN,13075030
3821,RHUM,13075030
3821,TMAX,13075030
3821,TMIN,13075030
3824,ESOL,13075030
3824,RAIN,13075030
3824,RHUM,13075030
3824,TMAX,13075030
3824,TMIN,13075030
3825,ESOL,13085010
3825,RAIN,13085010
3825,RHUM,13085010
3825,TMAX,13085010
3825,TMIN,13085010
3826,ESOL,13085010
3826,RAIN,13085010
3826,RHUM,13085010
3826,TMAX,13085010
3826,TMIN,13085010
3828,ESOL,13085010
3828,RAIN,13085010
3828,RHUM,13085010
3828,TMAX,13085010
3828,TMIN,13085010
3829,ESOL,13085010
3829,RAIN,13085010
3829,RHUM,13085010
3829,TMAX,13085010
3829,TMIN,13085010
3830,ESOL,13085010
3830,RAIN,13085010
3830,RHUM,13085010
3830,TMAX,13085010
3830,TMIN,13085010
3857,ESOL,13075030
3857,RAIN,13075030
3857,RHUM,13075030
3857,TMAX,13075030
3857,TMIN,13075030
3860,ESOL,13075030
3860,RAIN,13075030
3860,RHUM,13075030
3860,TMAX,13075030
3860,TMIN,13075030
3862,ESOL,13075030
3862,RAIN,13075030
3862,RHUM,13075030
3862,TMAX,13075030
3862,TMIN,13075030
3885,ESOL,13075030
3885,RAIN,13075030
3885,RHUM,13075030
3885,TMAX,13075030
3885,TMIN,13075030
3888,ESOL,13075030
3888,RAIN,13075030
3888,RHUM,13075030
3888,TMAX,13075030
3888,TMIN,13075030
3890,ESOL,13075030
3890,RAIN,13075030
3890,RHUM,13075030
3890,TMAX,13075030
3890,TMIN,13075030
3910,ESOL,13085010
3910,RAIN,13085010
3910,RHUM,13085010
3910,TMAX,13085010
3910,TMIN,13085010
3911,ESOL,13085010
3911,RAIN,13085010
3911,RHUM,13085010
3911,TMAX,13085010
3911,TMIN,13085010
3912,ESOL,13085010
3912,RAIN,13085010
3912,RHUM,13085010
3912,TMAX,13085010
3912,TMIN,13085010
3913,ESOL,13085010
3913,RAIN,13085010
3913,RHUM,13085010
3913,TMAX,13085010
3913,TMIN,13085010
3914,ESOL,13085010
3914,RAIN,13085010
3914,RHUM,13085010
3914,TMAX,13085010
3914,TMIN,13085010
3915,ESOL,13085010
3915,RAIN,13085010
3915,RHUM,13085010
3915,TMAX,13085010
3915,TMIN,13085010
3916,ESOL,13085010
3916,RAIN,13085010
3916,RHUM,13085010
3916,TMAX,13085010
3916,TMIN,13085010
3917,ESOL,13085010
3917,RAIN,13085010
3917,RHUM,13085010
3917,TMAX,13085010
3917,TMIN,13085010
3918,ESOL,13085010
3918,RAIN,13085010
3918,RHUM,13085010
3918,TMAX,13085010
3918,TMIN,13085010
3920,ESOL,13085010
3920,RAIN,13085010
3920,RHUM,13085010
3920,TMAX,13085010
3920,TMIN,13085010
3921,ESOL,13085010
3921,RAIN,13085010
3921,RHUM,13085010
3921,TMAX,13085010
3921,TMIN,13085010
3923,ESOL,13085010
3923,RAIN,13085010
3923,RHUM,13085010
3923,TMAX,13085010
3923,TMIN,13085010
3924,ESOL,13075030
3924,RAIN,13075030
3924,RHUM,13075030
3924,TMAX,13075030
3924,TMIN,13075030
3926,ESOL,13075030
3926,RAIN,13075030
3926,RHUM,13075030
3926,TMAX,13075030
3926,TMIN,13075030
3927,ESOL,13085010
3927,RAIN,13085010
3927,RHUM,13085010
3927,TMAX,13085010
3927,TMIN,13085010
3929,ESOL,13085010
3929,RAIN,13085010
3929,RHUM,13085010
3929,TMAX,13085010
3929,TMIN,13085010
3930,ESOL,13085010
3930,RAIN,13085010
3930,RHUM,13085010
3930,TMAX,13085010
3930,TMIN,13085010
3931,ESOL,13085010
3931,RAIN,13085010
3931,RHUM,13085010
3931,TMAX,13085010
3931,TMIN,13085010
3932,ESOL,13085010
3932,RAIN,13085010
3932,RHUM,13075030
3932,TMAX,13075030
3932,TMIN,13075030
3935,ESOL,13085010
3935,RAIN,13085010
3935,RHUM,13085010
3935,TMAX,13085010
3935,TMIN,13085010
3936,ESOL,13085010
3936,RAIN,13085010
3936,RHUM,13085010
3936,TMAX,13085010
3936,TMIN,13085010
3937,ESOL,13085010
3937,RAIN,13085010
3937,RHUM,13075030
3937,TMAX,13075030
3937,TMIN,13075030
3939,ESOL,13085010
3939,RAIN,13085010
3939,RHUM,13085010
3939,TMAX,13085010
3939,TMIN,13085010
3940,ESOL,13085010
3940,RAIN,13085010
3940,RHUM,13085010
3940,TMAX,13085010
3940,TMIN,13085010
3942,ESOL,13085010
3942,RAIN,13085010
3942,RHUM,13085010
3942,TMAX,13085010
3942,TMIN,13085010
3943,ESOL,13085010
3943,RAIN,13085010
3943,RHUM,13075030
3943,TMAX,13075030
3943,TMIN,13075030
3944,ESOL,13085010
3944,RAIN,13085010
3944,RHUM,13085010
3944,TMAX,13085010
3944,TMIN,13085010
3945,ESOL,13085010
3945,RAIN,13085010
3945,RHUM,13085010
3945,TMAX,13085010
3945,TMIN,13085010
3946,ESOL,13085010
3946,RAIN,13085010
3946,RHUM,13085010
3946,TMAX,13085010
3946,TMIN,13085010
3957,ESOL,13085010
3957,RAIN,13085010
3957,RHUM,13085010
3957,TMAX,13085010
3957,TMIN,13085010
3958,ESOL,13085010
3958,RAIN,13085010
3958,RHUM,13085010
3958,TMAX,13085010
3958,TMIN,13085010
3960,ESOL,13085010
3960,RAIN,13085010
3960,RHUM,13085010
3960,TMAX,13085010
3960,TMIN,13085010
3961,ESOL,13085010
3961,RAIN,13085010
3961,RHUM,13085010
3961,TMAX,13085010
3961,TMIN,13085010
3963,ESOL,13075030
3963,RAIN,13075030
3963,RHUM,13075030
3963,TMAX,13075030
3963,TMIN,13075030
4153,ESOL,13085010
4153,RAIN,13085010
4153,RHUM,13085010
4153,TMAX,13085010
4153,TMIN,13085010
4156,ESOL,13075030
4156,RAIN,13075030
4156,RHUM,13075030
4156,TMAX,13075030
4156,TMIN,13075030
4157,ESOL,13085010
4157,RAIN,13085010
4157,RHUM,13085010
4157,TMAX,13085010
4157,TMIN,13085010
4158,ESOL,13075030
4158,RAIN,13075030
4158,RHUM,13075030
4158,TMAX,13075030
4158,TMIN,13075030
4159,ESOL,13075030
4159,RAIN,13075030
4159,RHUM,13075030
4159,TMAX,13075030
4159,TMIN,13075030
4161,ESOL,13085010
4161,RAIN,13085010
4161,RHUM,13085010
4161,TMAX,13085010
4161,TMIN,13085010
4162,ESOL,13085010
4162,RAIN,13085010
4162,RHUM,13085010
4162,TMAX,13085010
4162,TMIN,13085010
4163,ESOL,13075030
4163,RAIN,13075030
4163,RHUM,13075030
4163,TMAX,13075030
4163,TMIN,13075030
4164,ESOL,13085010
4164,RAIN,13085010
4164,RHUM,13085010
4164,TMAX,13085010
4164,TMIN,13085010
4165,ESOL,13085010
4165,RAIN,13085010
4165,RHUM,13085010
4165,TMAX,13085010
4165,TMIN,13085010
4166,ESOL,13075030
4166,RAIN,13075030
4166,RHUM,13075030
4166,TMAX,13075030
4166,TMIN,13075030
4167,ESOL,13085010
4167,RAIN,13085010
4167,RHUM,13085010
4167,TMAX,13085010
4167,TMIN,13085010
4230,ESOL,13085010
4230,RAIN,13085010
4230,RHUM,13085010
4230,TMAX,13085010
4230,TMIN,13085010
4236,ESOL,13085010
4236,RAIN,13085010
4236,RHUM,13085010
4236,TMAX,13085010
4236,TMIN,13085010
4237,ESOL,13085010
4237,RAIN,13085010
4237,RHUM,13085010
4237,TMAX,13085010
4237,TMIN,13085010
4238,ESOL,13085010
4238,RAIN,13085010
4238,RHUM,13085010
4238,TMAX,13085010
4238,TMIN,13085010
4243,ESOL,13085010
4243,RAIN,13085010
4243,RHUM,13085010
4243,TMAX,13085010
4243,TMIN,13085010
4249,ESOL,13075030
4249,RAIN,13075030
4249,RHUM,13075030
4249,TMAX,13075030
4249,TMIN,13075030
4250,ESOL,13075030
4250,RAIN,13075030
4250,RHUM,13075030
4250,TMAX,13075030
4250,TMIN,13075030
4251,ESOL,13075030
4251,RAIN,13075030
4251,RHUM,13075030
4251,TMAX,13075030
4251,TMIN,13075030
4252,ESOL,13075030
4252,RAIN,13075030
4252,RHUM,13075030
4252,TMAX,13075030
4252,TMIN,13075030
4275,ESOL,13075030
4275,RAIN,13075030
4275,RHUM,13075030
4275,TMAX,13085010
4275,TMIN,13085010
4276,ESOL,13085010
4276,RAIN,13085010
4276,RHUM,13085010
4276,TMAX,13085010
4276,TMIN,13085010
4277,ESOL,13085010
4277,RAIN,13085010
4277,RHUM,13085010
4277,TMAX,13085010
4277,TMIN,13085010
4291,ESOL,13085010
4291,RAIN,13085010
4291,RHUM,13085010
4291,TMAX,13085010
4291,TMIN,13085010
4299,ESOL,13085010
4299,RAIN,13085010
4299,RHUM,13085010
4299,TMAX,13085010
4299,TMIN,13085010
4300,ESOL,13075030
4300,RAIN,13075030
4300,RHUM,13075030
4300,TMAX,13075030
4300,TMIN,13075030
4301,ESOL,13085010
4301,RAIN,13085010
4301,RHUM,13085010
4301,TMAX,13085010
4301,TMIN,13085010
4302,ESOL,13085010
4302,RAIN,13085010
4302,RHUM,13085010
4302,TMAX,13085010
4302,TMIN,13085010
4303,ESOL,13085010
4303,RAIN,13085010
4303,RHUM,13085010
4303,TMAX,13085010
4303,TMIN,13085010
4316,ESOL,13075030
4316,RAIN,13075030
4316,RHUM,13075030
4316,TMAX,13075030
4316,TMIN,13075030
4323,ESOL,13085010
4323,RAIN,13085010
4323,RHUM,13085010
4323,TMAX,13085010
4323,TMIN,13085010
4324,ESOL,13085010
4324,RAIN,13085010
4324,RHUM,13085010
4324,TMAX,13085010
4324,TMIN,13085010
4325,ESOL,13085010
4325,RAIN,13085010
4325,RHUM,13085010
4325,TMAX,13085010
4325,TMIN,13085010
4326,ESOL,13085010
4326,RAIN,13085010
4326,RHUM,13075030
4326,TMAX,13075030
4326,TMIN,13075030
4327,ESOL,13075030
4327,RAIN,13075030
4327,RHUM,13075030
4327,TMAX,13075030
4327,TMIN,13075030
4328,ESOL,13075030
4328,RAIN,13075030
4328,RHUM,13075030
4328,TMAX,13075030
4328,TMIN,13075030
4330,ESOL,13085010
4330,RAIN,13085010
4330,RHUM,13085010
4330,TMAX,13085010
4330,TMIN,13085010
4331,ESOL,13085010
4331,RAIN,13085010
4331,RHUM,13085010
4331,TMAX,13085010
4331,TMIN,13085010
4332,ESOL,13085010
4332,RAIN,13085010
4332,RHUM,13085010
4332,TMAX,13085010
4332,TMIN,13085010
4333,ESOL,13085010
4333,RAIN,13085010
4333,RHUM,13085010
4333,TMAX,13085010
4333,TMIN,13085010
4335,ESOL,13085010
4335,RAIN,13085010
4335,RHUM,13085010
4335,TMAX,13085010
4335,TMIN,13085010
4336,ESOL,13085010
4336,RAIN,13085010
4336,RHUM,13085010
4336,TMAX,13085010
4336,TMIN,13085010
4343,ESOL,13075030
4343,RAIN,13075030
4343,RHUM,13075030
4343,TMAX,13075030
4343,TMIN,13075030
4352,ESOL,13075030
4352,RAIN,13075030
4352,RHUM,13075030
4352,TMAX,13075030
4352,TMIN,13075030
4360,ESOL,13075030
4360,RAIN,13075030
4360,RHUM,13075030
4360,TMAX,13075030
4360,TMIN,13075030
4361,ESOL,13075030
4361,RAIN,13075030
4361,RHUM,13075030
4361,TMAX,13075030
4361,TMIN,13075030
4362,ESOL,13075030
4362,RAIN,13075030
4362,RHUM,13075030
4362,TMAX,13075030
4362,TMIN,13075030
4364,ESOL,13075030
4364,RAIN,13075030
4364,RHUM,13075030
4364,TMAX,13075030
4364,TMIN,13075030
4365,ESOL,13075030
4365,RAIN,13075030
4365,RHUM,13075030
4365,TMAX,13075030
4365,TMIN,13075030
4366,ESOL,13075030
4366,RAIN,13075030
4366,RHUM,13075030
4366,TMAX,13075030
4366,TMIN,13075030
4369,ESOL,13075030
4369,RAIN,13075030
4369,RHUM,13075030
4369,TMAX,13075030
4369,TMIN,13075030
4370,ESOL,13075030
4370,RAIN,13075030
4370,RHUM,13075030
4370,TMAX,13075030
4370,TMIN,13075030
4375,ESOL,13075030
4375,RAIN,13075030
4375,RHUM,13075030
4375,TMAX,13075030
4375,TMIN,13075030
4376,ESOL,13075030
4376,RAIN,13075030
4376,RHUM,13075030
4376,TMAX,13075030
4376,TMIN,13075030
4377,ESOL,13075030
4377,RAIN,13075030
4377,RHUM,13075030
4377,TMAX,13075030
4377,TMIN,13075030
4378,ESOL,13075030
4378,RAIN,13075030
4378,RHUM,13075030
4378,TMAX,13075030
4378,TMIN,13075030
4379,ESOL,13075030
4379,RAIN,13075030
4379,RHUM,13075030
4379,TMAX,13075030
4379,TMIN,13075030
4380,ESOL,13075030
4380,RAIN,13075030
4380,RHUM,13075030
4380,TMAX,13075030
4380,TMIN,13075030
4381,ESOL,13075030
4381,RAIN,13075030
4381,RHUM,13075030
4381,TMAX,13075030
4381,TMIN,13075030
4382,ESOL,13075030
4382,RAIN,13075030
4382,RHUM,13075030
4382,TMAX,13075030
4382,TMIN,13075030
4383,ESOL,13075030
4383,RAIN,13075030
4383,RHUM,13075030
4383,TMAX,13075030
4383,TMIN,13075030
4384,ESOL,13075030
4384,RAIN,13075030
4384,RHUM,13075030
4384,TMAX,13075030
4384,TMIN,13075030
4385,ESOL,13075030
4385,RAIN,13075030
4385,RHUM,13075030
4385,TMAX,13075030
4385,TMIN,13075030
4386,ESOL,13075030
4386,RAIN,13075030
4386,RHUM,13075030
4386,TMAX,13075030
4386,TMIN,13075030
4387,ESOL,13075030
4387,RAIN,13075030
4387,RHUM,13075030
4387,TMAX,13075030
4387,TMIN,13075030
4388,ESOL,13075030
4388,RAIN,13075030
4388,RHUM,13075030
4388,TMAX,13075030
4388,TMIN,13075030
4389,ESOL,13075030
4389,RAIN,13075030
4389,RHUM,13075030
4389,TMAX,13075030
4389,TMIN,13075030
4390,ESOL,13075030
4390,RAIN,13075030
4390,RHUM,13075030
4390,TMAX,13075030
4390,TMIN,13075030
4391,ESOL,13075030
4391,RAIN,13075030
4391,RHUM,13075030
4391,TMAX,13075030
4391,TMIN,13075030
4392,ESOL,13075030
4392,RAIN,13075030
4392,RHUM,13075030
4392,TMAX,13075030
4392,TMIN,13075030
4414,ESOL,13075030
4414,RAIN,13075030
4414,RHUM,13075030
4414,TMAX,13075030
4414,TMIN,13075030
4417,ESOL,13075030
4417,RAIN,13075030
4417,RHUM,13075030
4417,TMAX,13075030
4417,TMIN,13075030
4419,ESOL,13075030
4419,RAIN,13075030
4419,RHUM,13075030
4419,TMAX,13075030
4419,TMIN,13075030
4421,ESOL,13075030
4421,RAIN,13075030
4421,RHUM,13075030
4421,TMAX,13075030
4421,TMIN,13075030
4429,ESOL,13075030
4429,RAIN,13075030
4429,RHUM,13075030
4429,TMAX,13075030
4429,TMIN,13075030
4430,ESOL,13075030
4430,RAIN,13075030
4430,RHUM,13075030
4430,TMAX,13075030
4430,TMIN,13075030
4431,ESOL,13075030
4431,RAIN,13075030
4431,RHUM,13075030
4431,TMAX,13075030
4431,TMIN,13075030
4432,ESOL,13075030
4432,RAIN,13075030
4432,RHUM,13075030
4432,TMAX,13075030
4432,TMIN,13075030
4433,ESOL,13075030
4433,RAIN,13075030
4433,RHUM,13075030
4433,TMAX,13075030
4433,TMIN,13075030
4434,ESOL,13075030
4434,RAIN,13075030
4434,RHUM,13075030
4434,TMAX,13075030
4434,TMIN,13075030
4435,ESOL,13075030
4435,RAIN,13075030
4435,RHUM,13075030
4435,TMAX,13075030
4435,TMIN,13075030
4436,ESOL,13075030
4436,RAIN,13075030
4436,RHUM,13075030
4436,TMAX,13075030
4436,TMIN,13075030
4437,ESOL,13075030
4437,RAIN,13075030
4437,RHUM,13075030
4437,TMAX,13075030
4437,TMIN,13075030
4438,ESOL,13075030
4438,RAIN,13075030
4438,RHUM,13075030
4438,TMAX,13075030
4438,TMIN,13075030
4439,ESOL,13075030
4439,RAIN,13075030
4439,RHUM,13075030
4439,TMAX,13075030
4439,TMIN,13075030
4440,ESOL,13075030
4440,RAIN,13075030
4440,RHUM,13075030
4440,TMAX,13075030
4440,TMIN,13075030
4441,ESOL,13075030
4441,RAIN,13075030
4441,RHUM,13075030
4441,TMAX,13075030
4441,TMIN,13075030
4443,ESOL,13075030
4443,RAIN,13075030
4443,RHUM,13075030
4443,TMAX,13075030
4443,TMIN,13075030
4444,ESOL,13075030
4444,RAIN,13075030
4444,RHUM,13075030
4444,TMAX,13075030
4444,TMIN,13075030
4445,ESOL,13075030
4445,RAIN,13075030
4445,RHUM,13075030
4445,TMAX,13075030
4445,TMIN,13075030
4446,ESOL,13075030
4446,RAIN,13075030
4446,RHUM,13075030
4446,TMAX,13075030
4446,TMIN,13075030
4504,ESOL,13075030
4504,RAIN,13075030
4504,RHUM,13075030
4504,TMAX,13075030
4504,TMIN,13075030
4505,ESOL,13085010
4505,RAIN,13085010
4505,RHUM,13085010
4505,TMAX,13085010
4505,TMIN,13085010
4506,ESOL,13075030
4506,RAIN,13075030
4506,RHUM,13075030
4506,TMAX,13075030
4506,TMIN,13075030
4507,ESOL,13075030
4507,RAIN,13075030
4507,RHUM,13075030
4507,TMAX,13075030
4507,TMIN,13075030
4509,ESOL,13085010
4509,RAIN,13085010
4509,RHUM,13085010
4509,TMAX,13085010
4509,TMIN,13085010
4510,ESOL,13075030
4510,RAIN,13075030
4510,RHUM,13075030
4510,TMAX,13075030
4510,TMIN,13075030
4511,ESOL,13075030
4511,RAIN,13075030
4511,RHUM,13075030
4511,TMAX,13075030
4511,TMIN,13075030
4512,ESOL,13075030
4512,RAIN,13075030
4512,RHUM,13075030
4512,TMAX,13075030
4512,TMIN,13075030
4513,ESOL,13075030
4513,RAIN,13075030
4513,RHUM,13075030
4513,TMAX,13075030
4513,TMIN,13075030
4515,ESOL,13075030
4515,RAIN,13075030
4515,RHUM,13075030
4515,TMAX,13075030
4515,TMIN,13075030
4517,ESOL,13075030
4517,RAIN,13075030
4517,RHUM,13075030
4517,TMAX,13075030
4517,TMIN,13075030
4526,ESOL,13075030
4526,RAIN,13075030
4526,RHUM,13075030
4526,TMAX,13075030
4526,TMIN,13075030
4537,ESOL,13075030
4537,RAIN,13075030
4537,RHUM,13075030
4537,TMAX,13075030
4537,TMIN,13075030
4538,ESOL,13075030
4538,RAIN,13075030
4538,RHUM,13075030
4538,TMAX,13075030
4538,TMIN,13075030
4551,ESOL,13075030
4551,RAIN,13075030
4551,RHUM,13075030
4551,TMAX,13075030
4551,TMIN,13075030
4554,ESOL,13075030
4554,RAIN,13075030
4554,RHUM,13075030
4554,TMAX,13075030
4554,TMIN,13075030
4556,ESOL,13075030
4556,RAIN,13075030
4556,RHUM,13075030
4556,TMAX,13075030
4556,TMIN,13075030
4557,ESOL,13075030
4557,RAIN,13075030
4557,RHUM,13075030
4557,TMAX,13075030
4557,TMIN,13075030
4558,ESOL,13075030
4558,RAIN,13075030
4558,RHUM,13075030
4558,TMAX,13075030
4558,TMIN,13075030
4560,ESOL,13075030
4560,RAIN,13075030
4560,RHUM,13075030
4560,TMAX,13075030
4560,TMIN,13075030
4561,ESOL,13075030
4561,RAIN,13075030
4561,RHUM,13075030
4561,TMAX,13075030
4561,TMIN,13075030
4562,ESOL,13075030
4562,RAIN,13075030
4562,RHUM,13075030
4562,TMAX,13075030
4562,TMIN,13075030
4564,ESOL,13075030
4564,RAIN,13075030
4564,RHUM,13075030
4564,TMAX,13075030
4564,TMIN,13075030
4565,ESOL,13075030
4565,RAIN,13075030
4565,RHUM,13075030
4565,TMAX,13075030
4565,TMIN,13075030
4566,ESOL,13075030
4566,RAIN,13075030
4566,RHUM,13075030
4566,TMAX,13075030
4566,TMIN,13075030
4567,ESOL,13075030
4567,RAIN,13075030
4567,RHUM,13075030
4567,TMAX,13075030
4567,TMIN,13075030
4568,ESOL,13075030
4568,RAIN,13075030
4568,RHUM,13075030
4568,TMAX,13075030
4568,TMIN,13075030
4569,ESOL,13075030
4569,RAIN,13075030
4569,RHUM,13075030
4569,TMAX,13075030
4569,TMIN,13075030
4570,ESOL,13075030
4570,RAIN,13075030
4570,RHUM,13075030
4570,TMAX,13075030
4570,TMIN,13075030
4571,ESOL,13075030
4571,RAIN,13075030
4571,RHUM,13075030
4571,TMAX,13075030
4571,TMIN,13075030
4574,ESOL,13075030
4574,RAIN,13075030
4574,RHUM,13075030
4574,TMAX,13075030
4574,TMIN,13075030
4575,ESOL,13075030
4575,RAIN,13075030
4575,RHUM,13075030
4575,TMAX,13075030
4575,TMIN,13075030
4576,ESOL,13075030
4576,RAIN,13075030
4576,RHUM,13075030
4576,TMAX,13075030
4576,TMIN,13075030
4577,ESOL,13075030
4577,RAIN,13075030
4577,RHUM,13075030
4577,TMAX,13075030
4577,TMIN,13075030
4596,ESOL,13075030
4596,RAIN,13075030
4596,RHUM,13075030
4596,TMAX,13075030
4596,TMIN,13075030
4597,ESOL,13075030
4597,RAIN,13075030
4597,RHUM,13075030
4597,TMAX,13075030
4597,TMIN,13075030
4598,ESOL,13075030
4598,RAIN,13075030
4598,RHUM,13075030
4598,TMAX,13075030
4598,TMIN,13075030
4599,ESOL,13075030
4599,RAIN,13075030
4599,RHUM,13075030
4599,TMAX,13075030
4599,TMIN,13075030
4600,ESOL,13075030
4600,RAIN,13075030
4600,RHUM,13075030
4600,TMAX,13075030
4600,TMIN,13075030
4601,ESOL,13075030
4601,RAIN,13075030
4601,RHUM,13075030
4601,TMAX,13075030
4601,TMIN,13075030
4602,ESOL,13075030
4602,RAIN,13075030
4602,RHUM,13075030
4602,TMAX,13075030
4602,TMIN,13075030
4603,ESOL,13075030
4603,RAIN,13075030
4603,RHUM,13075030
4603,TMAX,13075030
4603,TMIN,13075030
4604,ESOL,13075030
4604,RAIN,13075030
4604,RHUM,13075030
4604,TMAX,13075030
4604,TMIN,13075030
4605,ESOL,13075030
4605,RAIN,13075030
4605,RHUM,13075030
4605,TMAX,13075030
4605,TMIN,13075030
4606,ESOL,13075030
4606,RAIN,13075030
4606,RHUM,13075030
4606,TMAX,13075030
4606,TMIN,13075030
4607,ESOL,13075030
4607,RAIN,13075030
4607,RHUM,13075030
4607,TMAX,13075030
4607,TMIN,13075030
4608,ESOL,13075030
4608,RAIN,13075030
4608,RHUM,13075030
4608,TMAX,13075030
4608,TMIN,13075030
4609,ESOL,13075030
4609,RAIN,13075030
4609,RHUM,13075030
4609,TMAX,13075030
4609,TMIN,13075030
4610,ESOL,13075030
4610,RAIN,13075030
4610,RHUM,13075030
4610,TMAX,13075030
4610,TMIN,13075030
4611,ESOL,13075030
4611,RAIN,13075030
4611,RHUM,13075030
4611,TMAX,13075030
4611,TMIN,13075030
4612,ESOL,13075030
4612,RAIN,13075030
4612,RHUM,13075030
4612,TMAX,13075030
4612,TMIN,13075030
4613,ESOL,13075030
4613,RAIN,13075030
4613,RHUM,13075030
4613,TMAX,13075030
4613,TMIN,13075030
4614,ESOL,13075030
4614,RAIN,13075030
4614,RHUM,13075030
4614,TMAX,13075030
4614,TMIN,13075030
4615,ESOL,13075030
4615,RAIN,13075030
4615,RHUM,13075030
4615,TMAX,13075030
4615,TMIN,13075030
4616,ESOL,13075030
4616,RAIN,13075030
4616,RHUM,13075030
4616,TMAX,13075030
4616,TMIN,13075030
4618,ESOL,13075030
4618,RAIN,13075030
4618,RHUM,13075030
4618,TMAX,13075030
4618,TMIN,13075030
4620,ESOL,13075030
4620,RAIN,13075030
4620,RHUM,13075030
4620,TMAX,13075030
4620,TMIN,13075030
4621,ESOL,13075030
4621,RAIN,13075030
4621,RHUM,13075030
4621,TMAX,13075030
4621,TMIN,13075030
4623,ESOL,13075030
4623,RAIN,13075030
4623,RHUM,13075030
4623,TMAX,13075030
4623,TMIN,13075030
4625,ESOL,13075030
4625,RAIN,13075030
4625,RHUM,13075030
4625,TMAX,13075030
4625,TMIN,13075030
4627,ESOL,13075030
4627,RAIN,13075030
4627,RHUM,13075030
4627,TMAX,13075030
4627,TMIN,13075030
4628,ESOL,13075030
4628,RAIN,13075030
4628,RHUM,13075030
4628,TMAX,13075030
4628,TMIN,13075030
4629,ESOL,13075030
4629,RAIN,13075030
4629,RHUM,13075030
4629,TMAX,13075030
4629,TMIN,13075030
4630,ESOL,13075030
4630,RAIN,13075030
4630,RHUM,13075030
4630,TMAX,13075030
4630,TMIN,13075030
4631,ESOL,13075030
4631,RAIN,13075030
4631,RHUM,13075030
4631,TMAX,13075030
4631,TMIN,13075030
4632,ESOL,13075030
4632,RAIN,13075030
4632,RHUM,13075030
4632,TMAX,13075030
4632,TMIN,13075030
4633,ESOL,13075030
4633,RAIN,13075030
4633,RHUM,13075030
4633,TMAX,13075030
4633,TMIN,13075030
4634,ESOL,13075030
4634,RAIN,13075030
4634,RHUM,13075030
4634,TMAX,13075030
4634,TMIN,13075030
4635,ESOL,13075030
4635,RAIN,13075030
4635,RHUM,13075030
4635,TMAX,13075030
4635,TMIN,13075030
4636,ESOL,13075030
4636,RAIN,13075030
4636,RHUM,13075030
4636,TMAX,13075030
4636,TMIN,13075030
4637,ESOL,13075030
4637,RAIN,13075030
4637,RHUM,13075030
4637,TMAX,13075030
4637,TMIN,13075030
4638,ESOL,13075030
4638,RAIN,13075030
4638,RHUM,13075030
4638,TMAX,13075030
4638,TMIN,13075030
4639,ESOL,13075030
4639,RAIN,13075030
4639,RHUM,13075030
4639,TMAX,13075030
4639,TMIN,13075030
4640,ESOL,13085010
4640,RAIN,13085010
4640,RHUM,13085010
4640,TMAX,13085010
4640,TMIN,13085010
4641,ESOL,13075030
4641,RAIN,13075030
4641,RHUM,13075030
4641,TMAX,13075030
4641,TMIN,13075030
4642,ESOL,13085010
4642,RAIN,13085010
4642,RHUM,13085010
4642,TMAX,13085010
4642,TMIN,13085010
4643,ESOL,13085010
4643,RAIN,13085010
4643,RHUM,13085010
4643,TMAX,13085010
4643,TMIN,13085010
4644,ESOL,13075030
4644,RAIN,13075030
4644,RHUM,13075030
4644,TMAX,13075030
4644,TMIN,13075030
4645,ESOL,13075030
4645,RAIN,13075030
4645,RHUM,13075030
4645,TMAX,13075030
4645,TMIN,13075030
4647,ESOL,13075030
4647,RAIN,13075030
4647,RHUM,13075030
4647,TMAX,13075030
4647,TMIN,13075030
4650,ESOL,13075030
4650,RAIN,13075030
4650,RHUM,13075030
4650,TMAX,13075030
4650,TMIN,13075030
4651,ESOL,13075030
4651,RAIN,13075030
4651,RHUM,13075030
4651,TMAX,13075030
4651,TMIN,13075030
4652,ESOL,13075030
4652,RAIN,13075030
4652,RHUM,13075030
4652,TMAX,13075030
4652,TMIN,13075030
4653,ESOL,13075030
4653,RAIN,13075030
4653,RHUM,13075030
4653,TMAX,13075030
4653,TMIN,13075030
4654,ESOL,13075030
4654,RAIN,13075030
4654,RHUM,13075030
4654,TMAX,13075030
4654,TMIN,13075030
4655,ESOL,13075030
4655,RAIN,13075030
4655,RHUM,13075030
4655,TMAX,13075030
4655,TMIN,13075030
4656,ESOL,13075030
4656,RAIN,13075030
4656,RHUM,13075030
4656,TMAX,13075030
4656,TMIN,13075030
4657,ESOL,13075030
4657,RAIN,13075030
4657,RHUM,13075030
4657,TMAX,13075030
4657,TMIN,13075030
4658,ESOL,13075030
4658,RAIN,13075030
4658,RHUM,13075030
4658,TMAX,13075030
4658,TMIN,13075030
4659,ESOL,13075030
4659,RAIN,13075030
4659,RHUM,13075030
4659,TMAX,13075030
4659,TMIN,13075030
4660,ESOL,13085010
4660,RAIN,13085010
4660,RHUM,13085010
4660,TMAX,13085010
4660,TMIN,13085010
4662,ESOL,13075030
4662,RAIN,13075030
4662,RHUM,13075030
4662,TMAX,13075030
4662,TMIN,13075030
4663,ESOL,13075030
4663,RAIN,13075030
4663,RHUM,13075030
4663,TMAX,13075030
4663,TMIN,13075030
4664,ESOL,13075030
4664,RAIN,13075030
4664,RHUM,13075030
4664,TMAX,13075030
4664,TMIN,13075030
4665,ESOL,13075030
4665,RAIN,13075030
4665,RHUM,13075030
4665,TMAX,13075030
4665,TMIN,13075030
4666,ESOL,13085010
4666,RAIN,13085010
4666,RHUM,13085010
4666,TMAX,13085010
4666,TMIN,13085010
4667,ESOL,13075030
4667,RAIN,13075030
4667,RHUM,13075030
4667,TMAX,13075030
4667,TMIN,13075030
4668,ESOL,13075030
4668,RAIN,13075030
4668,RHUM,13075030
4668,TMAX,13075030
4668,TMIN,13075030
4669,ESOL,13075030
4669,RAIN,13075030
4669,RHUM,13075030
4669,TMAX,13075030
4669,TMIN,13075030
4670,ESOL,13075030
4670,RAIN,13075030
4670,RHUM,13075030
4670,TMAX,13075030
4670,TMIN,13075030
4671,ESOL,13075030
4671,RAIN,13075030
4671,RHUM,13075030
4671,TMAX,13075030
4671,TMIN,13075030
4674,ESOL,13075030
4674,RAIN,13075030
4674,RHUM,13075030
4674,TMAX,13075030
4674,TMIN,13075030
4675,ESOL,13075030
4675,RAIN,13075030
4675,RHUM,13075030
4675,TMAX,13075030
4675,TMIN,13075030
53,ESOL,13075030
53,RAIN,13075030
53,RHUM,13075030
53,TMAX,13075030
53,TMIN,13075030
54,ESOL,13075030
54,RAIN,13075030
54,RHUM,13075030
54,TMAX,13075030
54,TMIN,13075030
56,ESOL,13075030
56,RAIN,13075030
56,RHUM,13075030
56,TMAX,13075030
56,TMIN,13075030
57,ESOL,13075030
57,RAIN,13075030
57,RHUM,13075030
57,TMAX,13075030
57,TMIN,13075030
273,ESOL,13075030
273,RAIN,13075030
273,RHUM,13075030
273,TMAX,13075030
273,TMIN,13075030
282,ESOL,13075030
282,RAIN,13075030
282,RHUM,13075030
282,TMAX,13075030
282,TMIN,13075030
283,ESOL,13075030
283,RAIN,13075030
283,RHUM,13075030
283,TMAX,13075030
283,TMIN,13075030
284,ESOL,13075030
284,RAIN,13075030
284,RHUM,13075030
284,TMAX,13075030
284,TMIN,13075030
286,ESOL,13075030
286,RAIN,13075030
286,RHUM,13075030
286,TMAX,13075030
286,TMIN,13075030
287,ESOL,13075030
287,RAIN,13075030
287,RHUM,13075030
287,TMAX,13075030
287,TMIN,13075030
288,ESOL,13075030
288,RAIN,13075030
288,RHUM,13075030
288,TMAX,13075030
288,TMIN,13075030
289,ESOL,13075030
289,RAIN,13075030
289,RHUM,13075030
289,TMAX,13075030
289,TMIN,13075030
290,ESOL,13075030
290,RAIN,13075030
290,RHUM,13075030
290,TMAX,13075030
290,TMIN,13075030
291,ESOL,13075030
291,RAIN,13075030
291,RHUM,13075030
291,TMAX,13075030
291,TMIN,13075030
292,ESOL,13075030
292,RAIN,13075030
292,RHUM,13075030
292,TMAX,13075030
292,TMIN,13075030
294,ESOL,13075030
294,RAIN,13075030
294,RHUM,13075030
294,TMAX,13075030
294,TMIN,13075030
295,ESOL,13075030
295,RAIN,13075030
295,RHUM,13075030
295,TMAX,13075030
295,TMIN,13075030
541,ESOL,13075030
541,RAIN,13075030
541,RHUM,13075030
541,TMAX,13075030
541,TMIN,13075030
548,ESOL,13075030
548,RAIN,13075030
548,RHUM,13075030
548,TMAX,13075030
548,TMIN,13075030
618,ESOL,13075030
618,RAIN,13075030
618,RHUM,13075030
618,TMAX,13075030
618,TMIN,13075030
766,ESOL,13075030
766,RAIN,13075030
766,RHUM,13075030
766,TMAX,13075030
766,TMIN,13075030
769,ESOL,13075030
769,RAIN,13075030
769,RHUM,13075030
769,TMAX,13075030
769,TMIN,13075030
779,ESOL,13075030
779,RAIN,13075030
779,RHUM,13075030
779,TMAX,13075030
779,TMIN,13075030
780,ESOL,13075030
780,RAIN,13075030
780,RHUM,13075030
780,TMAX,13075030
780,TMIN,13075030
781,ESOL,13075030
781,RAIN,13075030
781,RHUM,13075030
781,TMAX,13075030
781,TMIN,13075030
783,ESOL,13075030
783,RAIN,13075030
783,RHUM,13075030
783,TMAX,13075030
783,TMIN,13075030
784,ESOL,13075030
784,RAIN,13075030
784,RHUM,13075030
784,TMAX,13075030
784,TMIN,13075030
785,ESOL,13075030
785,RAIN,13075030
785,RHUM,13075030
785,TMAX,13075030
785,TMIN,13075030
786,ESOL,13075030
786,RAIN,13075030
786,RHUM,13075030
786,TMAX,13075030
786,TMIN,13075030
787,ESOL,13075030
787,RAIN,13075030
787,RHUM,13075030
787,TMAX,13075030
787,TMIN,13075030
788,ESOL,13075030
788,RAIN,13075030
788,RHUM,13075030
788,TMAX,13075030
788,TMIN,13075030
797,ESOL,13075030
797,RAIN,13075030
797,RHUM,13075030
797,TMAX,13075030
797,TMIN,13075030
804,ESOL,13075030
804,RAIN,13075030
804,RHUM,13075030
804,TMAX,13075030
804,TMIN,13075030
806,ESOL,13075030
806,RAIN,13075030
806,RHUM,13075030
806,TMAX,13075030
806,TMIN,13075030
813,ESOL,13075030
813,RAIN,13075030
813,RHUM,13075030
813,TMAX,13075030
813,TMIN,13075030
816,ESOL,13075030
816,RAIN,13075030
816,RHUM,13075030
816,TMAX,13075030
816,TMIN,13075030
817,ESOL,13075030
817,RAIN,13075030
817,RHUM,13075030
817,TMAX,13075030
817,TMIN,13075030
823,ESOL,13075030
823,RAIN,13075030
823,RHUM,13075030
823,TMAX,13075030
823,TMIN,13075030
826,ESOL,13075030
826,RAIN,13075030
826,RHUM,13075030
826,TMAX,13075030
826,TMIN,13075030
830,ESOL,13075030
830,RAIN,13075030
830,RHUM,13075030
830,TMAX,13075030
830,TMIN,13075030
839,ESOL,13075030
839,RAIN,13075030
839,RHUM,13075030
839,TMAX,13075030
839,TMIN,13075030
840,ESOL,13075030
840,RAIN,13075030
840,RHUM,13075030
840,TMAX,13075030
840,TMIN,13075030
841,ESOL,13075030
841,RAIN,13075030
841,RHUM,13075030
841,TMAX,13075030
841,TMIN,13075030
1770,ESOL,13075030
1770,RAIN,13075030
1770,RHUM,13075030
1770,TMAX,13075030
1770,TMIN,13075030
1771,ESOL,13075030
1771,RAIN,13075030
1771,RHUM,13075030
1771,TMAX,13075030
1771,TMIN,13075030
1772,ESOL,13075030
1772,RAIN,13075030
1772,RHUM,13075030
1772,TMAX,13075030
1772,TMIN,13075030
1773,ESOL,13075030
1773,RAIN,13075030
1773,RHUM,13075030
1773,TMAX,13075030
1773,TMIN,13075030
1778,ESOL,13075030
1778,RAIN,13075030
1778,RHUM,13075030
1778,TMAX,13075030
1778,TMIN,13075030
1800,ESOL,13075030
1800,RAIN,13075030
1800,RHUM,13075030
1800,TMAX,13075030
1800,TMIN,13075030
2011,ESOL,13075030
2011,RAIN,13075030
2011,RHUM,13075030
2011,TMAX,13075030
2011,TMIN,13075030
2015,ESOL,13075030
2015,RAIN,13075030
2015,RHUM,13075030
2015,TMAX,13075030
2015,TMIN,13075030
2016,ESOL,13075030
2016,RAIN,13075030
2016,RHUM,13075030
2016,TMAX,13075030
2016,TMIN,13075030
2018,ESOL,13075030
2018,RAIN,13075030
2018,RHUM,13075030
2018,TMAX,13075030
2018,TMIN,13075030
2019,ESOL,13075030
2019,RAIN,13075030
2019,RHUM,13075030
2019,TMAX,13075030
2019,TMIN,13075030
2022,ESOL,13075030
2022,RAIN,13075030
2022,RHUM,13075030
2022,TMAX,13075030
2022,TMIN,13075030
2023,ESOL,13075030
2023,RAIN,13075030
2023,RHUM,13075030
2023,TMAX,13075030
2023,TMIN,13075030
2029,ESOL,13075030
2029,RAIN,13075030
2029,RHUM,13075030
2029,TMAX,13075030
2029,TMIN,13075030
2030,ESOL,13075030
2030,RAIN,13075030
2030,RHUM,13075030
2030,TMAX,13075030
2030,TMIN,13075030
2032,ESOL,13075030
2032,RAIN,13075030
2032,RHUM,13075030
2032,TMAX,13075030
2032,TMIN,13075030
2034,ESOL,13075030
2034,RAIN,13075030
2034,RHUM,13075030
2034,TMAX,13075030
2034,TMIN,13075030
2035,ESOL,13075030
2035,RAIN,13075030
2035,RHUM,13075030
2035,TMAX,13075030
2035,TMIN,13075030
2038,ESOL,13075030
2038,RAIN,13075030
2038,RHUM,13075030
2038,TMAX,13075030
2038,TMIN,13075030
2039,ESOL,13075030
2039,RAIN,13075030
2039,RHUM,13075030
2039,TMAX,13075030
2039,TMIN,13075030
2040,ESOL,13075030
2040,RAIN,13075030
2040,RHUM,13075030
2040,TMAX,13075030
2040,TMIN,13075030
2041,ESOL,13075030
2041,RAIN,13075030
2041,RHUM,13075030
2041,TMAX,13075030
2041,TMIN,13075030
2042,ESOL,13075030
2042,RAIN,13075030
2042,RHUM,13075030
2042,TMAX,13075030
2042,TMIN,13075030
2043,ESOL,13075030
2043,RAIN,13075030
2043,RHUM,13075030
2043,TMAX,13075030
2043,TMIN,13075030
2048,ESOL,13075030
2048,RAIN,13075030
2048,RHUM,13075030
2048,TMAX,13075030
2048,TMIN,13075030
2050,ESOL,13075030
2050,RAIN,13075030
2050,RHUM,13075030
2050,TMAX,13075030
2050,TMIN,13075030
2078,ESOL,13075030
2078,RAIN,13075030
2078,RHUM,13075030
2078,TMAX,13075030
2078,TMIN,13075030
2089,ESOL,13075030
2089,RAIN,13075030
2089,RHUM,13075030
2089,TMAX,13075030
2089,TMIN,13075030
2090,ESOL,13075030
2090,RAIN,13075030
2090,RHUM,13075030
2090,TMAX,13075030
2090,TMIN,13075030
2092,ESOL,13075030
2092,RAIN,13075030
2092,RHUM,13075030
2092,TMAX,13075030
2092,TMIN,13075030
2110,ESOL,13075030
2110,RAIN,13075030
2110,RHUM,13075030
2110,TMAX,13075030
2110,TMIN,13075030
2111,ESOL,13075030
2111,RAIN,13075030
2111,RHUM,13075030
2111,TMAX,13075030
2111,TMIN,13075030
2126,ESOL,13075030
2126,RAIN,13075030
2126,RHUM,13075030
2126,TMAX,13075030
2126,TMIN,13075030
2127,ESOL,13075030
2127,RAIN,13075030
2127,RHUM,13075030
2127,TMAX,13075030
2127,TMIN,13075030
2128,ESOL,13075030
2128,RAIN,13075030
2128,RHUM,13075030
2128,TMAX,13075030
2128,TMIN,13075030
2129,ESOL,13075030
2129,RAIN,13075030
2129,RHUM,13075030
2129,TMAX,13075030
2129,TMIN,13075030
2130,ESOL,13075030
2130,RAIN,13075030
2130,RHUM,13075030
2130,TMAX,13075030
2130,TMIN,13075030
2133,ESOL,13075030
2133,RAIN,13075030
2133,RHUM,13075030
2133,TMAX,13075030
2133,TMIN,13075030
2134,ESOL,13075030
2134,RAIN,13075030
2134,RHUM,13075030
2134,TMAX,13075030
2134,TMIN,13075030
2135,ESOL,13075030
2135,RAIN,13075030
2135,RHUM,13075030
2135,TMAX,13075030
2135,TMIN,13075030
2136,ESOL,13075030
2136,RAIN,13075030
2136,RHUM,13075030
2136,TMAX,13075030
2136,TMIN,13075030
2137,ESOL,13075030
2137,RAIN,13075030
2137,RHUM,13075030
2137,TMAX,13075030
2137,TMIN,13075030
2138,ESOL,13075030
2138,RAIN,13075030
2138,RHUM,13075030
2138,TMAX,13075030
2138,TMIN,13075030
2139,ESOL,13075030
2139,RAIN,13075030
2139,RHUM,13075030
2139,TMAX,13075030
2139,TMIN,13075030
2140,ESOL,13075030
2140,RAIN,13075030
2140,RHUM,13075030
2140,TMAX,13075030
2140,TMIN,13075030
2141,ESOL,13075030
2141,RAIN,13075030
2141,RHUM,13075030
2141,TMAX,13075030
2141,TMIN,13075030
2142,ESOL,13075030
2142,RAIN,13075030
2142,RHUM,13075030
2142,TMAX,13075030
2142,TMIN,13075030
2153,ESOL,13075030
2153,RAIN,13075030
2153,RHUM,13075030
2153,TMAX,13075030
2153,TMIN,13075030
2154,ESOL,13075030
2154,RAIN,13075030
2154,RHUM,13075030
2154,TMAX,13075030
2154,TMIN,13075030
2158,ESOL,13075030
2158,RAIN,13075030
2158,RHUM,13075030
2158,TMAX,13075030
2158,TMIN,13075030
2160,ESOL,13075030
2160,RAIN,13075030
2160,RHUM,13075030
2160,TMAX,13075030
2160,TMIN,13075030
2161,ESOL,13075030
2161,RAIN,13075030
2161,RHUM,13075030
2161,TMAX,13075030
2161,TMIN,13075030
2207,ESOL,13075030
2207,RAIN,13075030
2207,RHUM,13075030
2207,TMAX,13075030
2207,TMIN,13075030
2216,ESOL,13075030
2216,RAIN,13075030
2216,RHUM,13075030
2216,TMAX,13075030
2216,TMIN,13075030
2218,ESOL,13075030
2218,RAIN,13075030
2218,RHUM,13075030
2218,TMAX,13075030
2218,TMIN,13075030
2220,ESOL,13075030
2220,RAIN,13075030
2220,RHUM,13075030
2220,TMAX,13075030
2220,TMIN,13075030
2224,ESOL,13075030
2224,RAIN,13075030
2224,RHUM,13075030
2224,TMAX,13075030
2224,TMIN,13075030
2225,ESOL,13075030
2225,RAIN,13075030
2225,RHUM,13075030
2225,TMAX,13075030
2225,TMIN,13075030
2227,ESOL,13075030
2227,RAIN,13075030
2227,RHUM,13075030
2227,TMAX,13075030
2227,TMIN,13075030
2234,ESOL,13075030
2234,RAIN,13075030
2234,RHUM,13075030
2234,TMAX,13075030
2234,TMIN,13075030
2283,ESOL,13075030
2283,RAIN,13075030
2283,RHUM,13075030
2283,TMAX,13075030
2283,TMIN,13075030
2284,ESOL,13075030
2284,RAIN,13075030
2284,RHUM,13075030
2284,TMAX,13075030
2284,TMIN,13075030
2292,ESOL,13075030
2292,RAIN,13075030
2292,RHUM,13075030
2292,TMAX,13075030
2292,TMIN,13075030
2293,ESOL,13075030
2293,RAIN,13075030
2293,RHUM,13075030
2293,TMAX,13075030
2293,TMIN,13075030
2298,ESOL,13075030
2298,RAIN,13075030
2298,RHUM,13075030
2298,TMAX,13075030
2298,TMIN,13075030
2302,ESOL,13075030
2302,RAIN,13075030
2302,RHUM,13075030
2302,TMAX,13075030
2302,TMIN,13075030
2314,ESOL,13075030
2314,RAIN,13075030
2314,RHUM,13075030
2314,TMAX,13075030
2314,TMIN,13075030
2457,ESOL,13075030
2457,RAIN,13075030
2457,RHUM,13075030
2457,TMAX,13075030
2457,TMIN,13075030
2458,ESOL,13075030
2458,RAIN,13075030
2458,RHUM,13075030
2458,TMAX,13075030
2458,TMIN,13075030
2466,ESOL,13075030
2466,RAIN,13075030
2466,RHUM,13075030
2466,TMAX,13075030
2466,TMIN,13075030
2467,ESOL,13075030
2467,RAIN,13075030
2467,RHUM,13075030
2467,TMAX,13075030
2467,TMIN,13075030
2470,ESOL,13075030
2470,RAIN,13075030
2470,RHUM,13075030
2470,TMAX,13075030
2470,TMIN,13075030
2471,ESOL,13075030
2471,RAIN,13075030
2471,RHUM,13075030
2471,TMAX,13075030
2471,TMIN,13075030
2472,ESOL,13075030
2472,RAIN,13075030
2472,RHUM,13075030
2472,TMAX,13075030
2472,TMIN,13075030
2473,ESOL,13075030
2473,RAIN,13075030
2473,RHUM,13075030
2473,TMAX,13075030
2473,TMIN,13075030
2474,ESOL,13075030
2474,RAIN,13075030
2474,RHUM,13075030
2474,TMAX,13075030
2474,TMIN,13075030
2501,ESOL,13075030
2501,RAIN,13075030
2501,RHUM,13075030
2501,TMAX,13075030
2501,TMIN,13075030
2506,ESOL,13075030
2506,RAIN,13075030
2506,RHUM,13075030
2506,TMAX,13075030
2506,TMIN,13075030
2507,ESOL,13075030
2507,RAIN,13075030
2507,RHUM,13075030
2507,TMAX,13075030
2507,TMIN,13075030
2508,ESOL,13075030
2508,RAIN,13075030
2508,RHUM,13075030
2508,TMAX,13075030
2508,TMIN,13075030
2510,ESOL,13075030
2510,RAIN,13075030
2510,RHUM,13075030
2510,TMAX,13075030
2510,TMIN,13075030
2511,ESOL,13075030
2511,RAIN,13075030
2511,RHUM,13075030
2511,TMAX,13075030
2511,TMIN,13075030
2535,ESOL,13075030
2535,RAIN,13075030
2535,RHUM,13075030
2535,TMAX,13075030
2535,TMIN,13075030
2536,ESOL,13075030
2536,RAIN,13075030
2536,RHUM,13075030
2536,TMAX,13075030
2536,TMIN,13075030
2539,ESOL,13075030
2539,RAIN,13075030
2539,RHUM,13075030
2539,TMAX,13075030
2539,TMIN,13075030
2540,ESOL,13075030
2540,RAIN,13075030
2540,RHUM,13075030
2540,TMAX,13075030
2540,TMIN,13075030
2541,ESOL,13075030
2541,RAIN,13075030
2541,RHUM,13075030
2541,TMAX,13075030
2541,TMIN,13075030
2545,ESOL,13075030
2545,RAIN,13075030
2545,RHUM,13075030
2545,TMAX,13075030
2545,TMIN,13075030
2550,ESOL,13075030
2550,RAIN,13075030
2550,RHUM,13075030
2550,TMAX,13075030
2550,TMIN,13075030
2609,ESOL,13075030
2609,RAIN,13075030
2609,RHUM,13075030
2609,TMAX,13075030
2609,TMIN,13075030
2621,ESOL,13075030
2621,RAIN,13075030
2621,RHUM,13075030
2621,TMAX,13075030
2621,TMIN,13075030
2635,ESOL,13075030
2635,RAIN,13075030
2635,RHUM,13075030
2635,TMAX,13075030
2635,TMIN,13075030
2641,ESOL,13075030
2641,RAIN,13075030
2641,RHUM,13075030
2641,TMAX,13075030
2641,TMIN,13075030
2643,ESOL,13075030
2643,RAIN,13075030
2643,RHUM,13075030
2643,TMAX,13075030
2643,TMIN,13075030
2661,ESOL,13075030
2661,RAIN,13075030
2661,RHUM,13075030
2661,TMAX,13075030
2661,TMIN,13075030
2687,ESOL,13075030
2687,RAIN,13075030
2687,RHUM,13075030
2687,TMAX,13075030
2687,TMIN,13075030
2688,ESOL,13075030
2688,RAIN,13075030
2688,RHUM,13075030
2688,TMAX,13075030
2688,TMIN,13075030
2690,ESOL,13075030
2690,RAIN,13075030
2690,RHUM,13075030
2690,TMAX,13075030
2690,TMIN,13075030
2693,ESOL,13075030
2693,RAIN,13075030
2693,RHUM,13075030
2693,TMAX,13075030
2693,TMIN,13075030
2694,ESOL,13075030
2694,RAIN,13075030
2694,RHUM,13075030
2694,TMAX,13075030
2694,TMIN,13075030
2716,ESOL,13075030
2716,RAIN,13075030
2716,RHUM,13075030
2716,TMAX,13075030
2716,TMIN,13075030
2718,ESOL,13075030
2718,RAIN,13075030
2718,RHUM,13075030
2718,TMAX,13075030
2718,TMIN,13075030
2719,ESOL,13075030
2719,RAIN,13075030
2719,RHUM,13075030
2719,TMAX,13075030
2719,TMIN,13075030
2721,ESOL,13075030
2721,RAIN,13075030
2721,RHUM,13075030
2721,TMAX,13075030
2721,TMIN,13075030
2722,ESOL,13075030
2722,RAIN,13075030
2722,RHUM,13075030
2722,TMAX,13075030
2722,TMIN,13075030
2723,ESOL,13075030
2723,RAIN,13075030
2723,RHUM,13075030
2723,TMAX,13075030
2723,TMIN,13075030
2725,ESOL,13075030
2725,RAIN,13075030
2725,RHUM,13075030
2725,TMAX,13075030
2725,TMIN,13075030
2736,ESOL,13075030
2736,RAIN,13075030
2736,RHUM,13075030
2736,TMAX,13075030
2736,TMIN,13075030
2737,ESOL,13075030
2737,RAIN,13075030
2737,RHUM,13075030
2737,TMAX,13075030
2737,TMIN,13075030
2740,ESOL,13075030
2740,RAIN,13075030
2740,RHUM,13075030
2740,TMAX,13075030
2740,TMIN,13075030
2741,ESOL,13075030
2741,RAIN,13075030
2741,RHUM,13075030
2741,TMAX,13075030
2741,TMIN,13075030
2747,ESOL,13075030
2747,RAIN,13075030
2747,RHUM,13075030
2747,TMAX,13075030
2747,TMIN,13075030
2748,ESOL,13075030
2748,RAIN,13075030
2748,RHUM,13075030
2748,TMAX,13075030
2748,TMIN,13075030
2749,ESOL,13075030
2749,RAIN,13075030
2749,RHUM,13075030
2749,TMAX,13075030
2749,TMIN,13075030
2750,ESOL,13075030
2750,RAIN,13075030
2750,RHUM,13075030
2750,TMAX,13075030
2750,TMIN,13075030
2754,ESOL,13075030
2754,RAIN,13075030
2754,RHUM,13075030
2754,TMAX,13075030
2754,TMIN,13075030
2757,ESOL,13075030
2757,RAIN,13075030
2757,RHUM,13075030
2757,TMAX,13075030
2757,TMIN,13075030
2762,ESOL,13075030
2762,RAIN,13075030
2762,RHUM,13075030
2762,TMAX,13075030
2762,TMIN,13075030
2763,ESOL,13075030
2763,RAIN,13075030
2763,RHUM,13075030
2763,TMAX,13075030
2763,TMIN,13075030
2765,ESOL,13075030
2765,RAIN,13075030
2765,RHUM,13075030
2765,TMAX,13075030
2765,TMIN,13075030
2766,ESOL,13075030
2766,RAIN,13075030
2766,RHUM,13075030
2766,TMAX,13075030
2766,TMIN,13075030
2772,ESOL,13075030
2772,RAIN,13075030
2772,RHUM,13075030
2772,TMAX,13075030
2772,TMIN,13075030
2773,ESOL,13075030
2773,RAIN,13075030
2773,RHUM,13075030
2773,TMAX,13075030
2773,TMIN,13075030
2836,ESOL,13075030
2836,RAIN,13075030
2836,RHUM,13075030
2836,TMAX,13075030
2836,TMIN,13075030
2837,ESOL,13075030
2837,RAIN,13075030
2837,RHUM,13075030
2837,TMAX,13075030
2837,TMIN,13075030
2871,ESOL,13075030
2871,RAIN,13075030
2871,RHUM,13075030
2871,TMAX,13075030
2871,TMIN,13075030
2872,ESOL,13075030
2872,RAIN,13075030
2872,RHUM,13075030
2872,TMAX,13075030
2872,TMIN,13075030
2873,ESOL,13075030
2873,RAIN,13075030
2873,RHUM,13075030
2873,TMAX,13075030
2873,TMIN,13075030
2874,ESOL,13075030
2874,RAIN,13075030
2874,RHUM,13075030
2874,TMAX,13075030
2874,TMIN,13075030
2886,ESOL,13075030
2886,RAIN,13075030
2886,RHUM,13075030
2886,TMAX,13075030
2886,TMIN,13075030
2887,ESOL,13075030
2887,RAIN,13075030
2887,RHUM,13075030
2887,TMAX,13075030
2887,TMIN,13075030
2889,ESOL,13075030
2889,RAIN,13075030
2889,RHUM,13075030
2889,TMAX,13075030
2889,TMIN,13075030
2890,ESOL,13075030
2890,RAIN,13075030
2890,RHUM,13075030
2890,TMAX,13075030
2890,TMIN,13075030
2891,ESOL,13075030
2891,RAIN,13075030
2891,RHUM,13075030
2891,TMAX,13075030
2891,TMIN,13075030
2893,ESOL,13075030
2893,RAIN,13075030
2893,RHUM,13075030
2893,TMAX,13075030
2893,TMIN,13075030
2895,ESOL,13075030
2895,RAIN,13075030
2895,RHUM,13075030
2895,TMAX,13075030
2895,TMIN,13075030
2896,ESOL,13075030
2896,RAIN,13075030
2896,RHUM,13075030
2896,TMAX,13075030
2896,TMIN,13075030
2897,ESOL,13075030
2897,RAIN,13075030
2897,RHUM,13075030
2897,TMAX,13075030
2897,TMIN,13075030
2898,ESOL,13075030
2898,RAIN,13075030
2898,RHUM,13075030
2898,TMAX,13075030
2898,TMIN,13075030
2899,ESOL,13075030
2899,RAIN,13075030
2899,RHUM,13075030
2899,TMAX,13075030
2899,TMIN,13075030
2900,ESOL,13075030
2900,RAIN,13075030
2900,RHUM,13075030
2900,TMAX,13075030
2900,TMIN,13075030
2901,ESOL,13075030
2901,RAIN,13075030
2901,RHUM,13075030
2901,TMAX,13075030
2901,TMIN,13075030
2902,ESOL,13075030
2902,RAIN,13075030
2902,RHUM,13075030
2902,TMAX,13075030
2902,TMIN,13075030
2909,ESOL,13075030
2909,RAIN,13075030
2909,RHUM,13075030
2909,TMAX,13075030
2909,TMIN,13075030
2914,ESOL,13075030
2914,RAIN,13075030
2914,RHUM,13075030
2914,TMAX,13075030
2914,TMIN,13075030
2915,ESOL,13075030
2915,RAIN,13075030
2915,RHUM,13075030
2915,TMAX,13075030
2915,TMIN,13075030
2917,ESOL,13075030
2917,RAIN,13075030
2917,RHUM,13075030
2917,TMAX,13075030
2917,TMIN,13075030
2921,ESOL,13075030
2921,RAIN,13075030
2921,RHUM,13075030
2921,TMAX,13075030
2921,TMIN,13075030
2923,ESOL,13075030
2923,RAIN,13075030
2923,RHUM,13075030
2923,TMAX,13075030
2923,TMIN,13075030
2924,ESOL,13075030
2924,RAIN,13075030
2924,RHUM,13075030
2924,TMAX,13075030
2924,TMIN,13075030
2925,ESOL,13075030
2925,RAIN,13075030
2925,RHUM,13075030
2925,TMAX,13075030
2925,TMIN,13075030
2926,ESOL,13075030
2926,RAIN,13075030
2926,RHUM,13075030
2926,TMAX,13075030
2926,TMIN,13075030
2928,ESOL,13075030
2928,RAIN,13075030
2928,RHUM,13075030
2928,TMAX,13075030
2928,TMIN,13075030
2935,ESOL,13075030
2935,RAIN,13075030
2935,RHUM,13075030
2935,TMAX,13075030
2935,TMIN,13075030
2936,ESOL,13075030
2936,RAIN,13075030
2936,RHUM,13075030
2936,TMAX,13075030
2936,TMIN,13075030
2937,ESOL,13075030
2937,RAIN,13075030
2937,RHUM,13075030
2937,TMAX,13075030
2937,TMIN,13075030
2938,ESOL,13075030
2938,RAIN,13075030
2938,RHUM,13075030
2938,TMAX,13075030
2938,TMIN,13075030
2939,ESOL,13075030
2939,RAIN,13075030
2939,RHUM,13075030
2939,TMAX,13075030
2939,TMIN,13075030
2940,ESOL,13075030
2940,RAIN,13075030
2940,RHUM,13075030
2940,TMAX,13075030
2940,TMIN,13075030
2941,ESOL,13075030
2941,RAIN,13075030
2941,RHUM,13075030
2941,TMAX,13075030
2941,TMIN,13075030
2942,ESOL,13075030
2942,RAIN,13075030
2942,RHUM,13075030
2942,TMAX,13075030
2942,TMIN,13075030
2945,ESOL,13075030
2945,RAIN,13075030
2945,RHUM,13075030
2945,TMAX,13075030
2945,TMIN,13075030
2950,ESOL,13075030
2950,RAIN,13075030
2950,RHUM,13075030
2950,TMAX,13075030
2950,TMIN,13075030
2952,ESOL,13075030
2952,RAIN,13075030
2952,RHUM,13075030
2952,TMAX,13075030
2952,TMIN,13075030
2953,ESOL,13075030
2953,RAIN,13075030
2953,RHUM,13075030
2953,TMAX,13075030
2953,TMIN,13075030
2954,ESOL,13075030
2954,RAIN,13075030
2954,RHUM,13075030
2954,TMAX,13075030
2954,TMIN,13075030
3103,ESOL,13075030
3103,RAIN,13075030
3103,RHUM,13075030
3103,TMAX,13075030
3103,TMIN,13075030
3106,ESOL,13075030
3106,RAIN,13075030
3106,RHUM,13075030
3106,TMAX,13075030
3106,TMIN,13075030
3107,ESOL,13075030
3107,RAIN,13075030
3107,RHUM,13075030
3107,TMAX,13075030
3107,TMIN,13075030
3122,ESOL,13075030
3122,RAIN,13075030
3122,RHUM,13075030
3122,TMAX,13075030
3122,TMIN,13075030
3134,ESOL,13075030
3134,RAIN,13075030
3134,RHUM,13075030
3134,TMAX,13075030
3134,TMIN,13075030
3135,ESOL,13075030
3135,RAIN,13075030
3135,RHUM,13075030
3135,TMAX,13075030
3135,TMIN,13075030
3698,ESOL,13075030
3698,RAIN,13075030
3698,RHUM,13075030
3698,TMAX,13075030
3698,TMIN,13075030
3699,ESOL,13075030
3699,RAIN,13075030
3699,RHUM,13075030
3699,TMAX,13075030
3699,TMIN,13075030
3701,ESOL,13075030
3701,RAIN,13075030
3701,RHUM,13075030
3701,TMAX,13075030
3701,TMIN,13075030
3815,ESOL,13075030
3815,RAIN,13075030
3815,RHUM,13075030
3815,TMAX,13075030
3815,TMIN,13075030
3849,ESOL,13075030
3849,RAIN,13075030
3849,RHUM,13075030
3849,TMAX,13075030
3849,TMIN,13075030
3851,ESOL,13075030
3851,RAIN,13075030
3851,RHUM,13075030
3851,TMAX,13075030
3851,TMIN,13075030
3853,ESOL,13075030
3853,RAIN,13075030
3853,RHUM,13075030
3853,TMAX,13075030
3853,TMIN,13075030
3856,ESOL,13075030
3856,RAIN,13075030
3856,RHUM,13075030
3856,TMAX,13075030
3856,TMIN,13075030
3859,ESOL,13075030
3859,RAIN,13075030
3859,RHUM,13075030
3859,TMAX,13075030
3859,TMIN,13075030
3864,ESOL,13075030
3864,RAIN,13075030
3864,RHUM,13075030
3864,TMAX,13075030
3864,TMIN,13075030
3865,ESOL,13075030
3865,RAIN,13075030
3865,RHUM,13075030
3865,TMAX,13075030
3865,TMIN,13075030
3866,ESOL,13075030
3866,RAIN,13075030
3866,RHUM,13075030
3866,TMAX,13075030
3866,TMIN,13075030
3881,ESOL,13075030
3881,RAIN,13075030
3881,RHUM,13075030
3881,TMAX,13075030
3881,TMIN,13075030
3882,ESOL,13075030
3882,RAIN,13075030
3882,RHUM,13075030
3882,TMAX,13075030
3882,TMIN,13075030
3883,ESOL,13075030
3883,RAIN,13075030
3883,RHUM,13075030
3883,TMAX,13075030
3883,TMIN,13075030
3981,ESOL,13075030
3981,RAIN,13075030
3981,RHUM,13075030
3981,TMAX,13075030
3981,TMIN,13075030
3983,ESOL,13075030
3983,RAIN,13075030
3983,RHUM,13075030
3983,TMAX,13075030
3983,TMIN,13075030
3984,ESOL,13075030
3984,RAIN,13075030
3984,RHUM,13075030
3984,TMAX,13075030
3984,TMIN,13075030
4155,ESOL,13075030
4155,RAIN,13075030
4155,RHUM,13075030
4155,TMAX,13075030
4155,TMIN,13075030
4341,ESOL,13075030
4341,RAIN,13075030
4341,RHUM,13075030
4341,TMAX,13075030
4341,TMIN,13075030
4355,ESOL,13075030
4355,RAIN,13075030
4355,RHUM,13075030
4355,TMAX,13075030
4355,TMIN,13075030
4359,ESOL,13075030
4359,RAIN,13075030
4359,RHUM,13075030
4359,TMAX,13075030
4359,TMIN,13075030
4371,ESOL,13075030
4371,RAIN,13075030
4371,RHUM,13075030
4371,TMAX,13075030
4371,TMIN,13075030
4374,ESOL,13075030
4374,RAIN,13075030
4374,RHUM,13075030
4374,TMAX,13075030
4374,TMIN,13075030
4500,ESOL,13075030
4500,RAIN,13075030
4500,RHUM,13075030
4500,TMAX,13075030
4500,TMIN,13075030
4501,ESOL,13075030
4501,RAIN,13075030
4501,RHUM,13075030
4501,TMAX,13075030
4501,TMIN,13075030
4502,ESOL,13075030
4502,RAIN,13075030
4502,RHUM,13075030
4502,TMAX,13075030
4502,TMIN,13075030
4503,ESOL,13075030
4503,RAIN,13075030
4503,RHUM,13075030
4503,TMAX,13075030
4503,TMIN,13075030
4508,ESOL,13075030
4508,RAIN,13075030
4508,RHUM,13075030
4508,TMAX,13075030
4508,TMIN,13075030
4514,ESOL,13075030
4514,RAIN,13075030
4514,RHUM,13075030
4514,TMAX,13075030
4514,TMIN,13075030
4530,ESOL,13075030
4530,RAIN,13075030
4530,RHUM,13075030
4530,TMAX,13075030
4530,TMIN,13075030
4541,ESOL,13075030
4541,RAIN,13075030
4541,RHUM,13075030
4541,TMAX,13075030
4541,TMIN,13075030
4544,ESOL,13075030
4544,RAIN,13075030
4544,RHUM,13075030
4544,TMAX,13075030
4544,TMIN,13075030
4546,ESOL,13075030
4546,RAIN,13075030
4546,RHUM,13075030
4546,TMAX,13075030
4546,TMIN,13075030
4547,ESOL,13075030
4547,RAIN,13075030
4547,RHUM,13075030
4547,TMAX,13075030
4547,TMIN,13075030
4548,ESOL,13075030
4548,RAIN,13075030
4548,RHUM,13075030
4548,TMAX,13075030
4548,TMIN,13075030
4563,ESOL,13075030
4563,RAIN,13075030
4563,RHUM,13075030
4563,TMAX,13075030
4563,TMIN,13075030
4661,ESOL,13075030
4661,RAIN,13075030
4661,RHUM,13075030
4661,TMAX,13075030
4661,TMIN,13075030
4672,ESOL,13075030
4672,RAIN,13075030
4672,RHUM,13075030
4672,TMAX,13075030
4672,TMIN,13075030
4673,ESOL,13075030
4673,RAIN,13075030
4673,RHUM,13075030
4673,TMAX,13075030
4673,TMIN,13075030
2300,ESOL,13075030
2300,RAIN,13075030
2300,RHUM,13075030
2300,TMAX,13075030
2300,TMIN,13075030
2301,ESOL,13075030
2301,RAIN,13075030
2301,RHUM,13075030
2301,TMAX,13075030
2301,TMIN,13075030
2387,ESOL,13075030
2387,RAIN,13075030
2387,RHUM,13075030
2387,TMAX,13075030
2387,TMIN,13075030
2388,ESOL,13075030
2388,RAIN,13075030
2388,RHUM,13075030
2388,TMAX,13075030
2388,TMIN,13075030
2403,ESOL,13075030
2403,RAIN,13075030
2403,RHUM,13075030
2403,TMAX,13075030
2403,TMIN,13075030
2404,ESOL,13075030
2404,RAIN,13075030
2404,RHUM,13075030
2404,TMAX,13075030
2404,TMIN,13075030
2553,ESOL,13075030
2553,RAIN,13075030
2553,RHUM,13075030
2553,TMAX,13075030
2553,TMIN,13075030
2738,ESOL,13075030
2738,RAIN,13075030
2738,RHUM,13075030
2738,TMAX,13075030
2738,TMIN,13075030
2739,ESOL,13075030
2739,RAIN,13075030
2739,RHUM,13075030
2739,TMAX,13075030
2739,TMIN,13075030
2746,ESOL,13075030
2746,RAIN,13075030
2746,RHUM,13075030
2746,TMAX,13075030
2746,TMIN,13075030
2751,ESOL,13075030
2751,RAIN,13075030
2751,RHUM,13075030
2751,TMAX,13075030
2751,TMIN,13075030
2752,ESOL,13075030
2752,RAIN,13075030
2752,RHUM,13075030
2752,TMAX,13075030
2752,TMIN,13075030
2753,ESOL,13075030
2753,RAIN,13075030
2753,RHUM,13075030
2753,TMAX,13075030
2753,TMIN,13075030
2755,ESOL,13075030
2755,RAIN,13075030
2755,RHUM,13075030
2755,TMAX,13075030
2755,TMIN,13075030
2756,ESOL,13075030
2756,RAIN,13075030
2756,RHUM,13075030
2756,TMAX,13075030
2756,TMIN,13075030
2767,ESOL,13075030
2767,RAIN,13075030
2767,RHUM,13075030
2767,TMAX,13075030
2767,TMIN,13075030
2810,ESOL,13075030
2810,RAIN,13075030
2810,RHUM,13075030
2810,TMAX,13075030
2810,TMIN,13075030
2826,ESOL,13075030
2826,RAIN,13075030
2826,RHUM,13075030
2826,TMAX,13075030
2826,TMIN,13075030
2831,ESOL,13075030
2831,RAIN,13075030
2831,RHUM,13075030
2831,TMAX,13075030
2831,TMIN,13075030
2832,ESOL,13075030
2832,RAIN,13075030
2832,RHUM,13075030
2832,TMAX,13075030
2832,TMIN,13075030
2835,ESOL,13075030
2835,RAIN,13075030
2835,RHUM,13075030
2835,TMAX,13075030
2835,TMIN,13075030
2838,ESOL,13075030
2838,RAIN,13075030
2838,RHUM,13075030
2838,TMAX,13075030
2838,TMIN,13075030
2875,ESOL,13075030
2875,RAIN,13075030
2875,RHUM,13075030
2875,TMAX,13075030
2875,TMIN,13075030
2888,ESOL,13075030
2888,RAIN,13075030
2888,RHUM,13075030
2888,TMAX,13075030
2888,TMIN,13075030
2894,ESOL,13075030
2894,RAIN,13075030
2894,RHUM,13075030
2894,TMAX,13075030
2894,TMIN,13075030
2943,ESOL,13075030
2943,RAIN,13075030
2943,RHUM,13075030
2943,TMAX,13075030
2943,TMIN,13075030
2944,ESOL,13075030
2944,RAIN,13075030
2944,RHUM,13075030
2944,TMAX,13075030
2944,TMIN,13075030
2946,ESOL,13075030
2946,RAIN,13075030
2946,RHUM,13075030
2946,TMAX,13075030
2946,TMIN,13075030
2947,ESOL,13075030
2947,RAIN,13075030
2947,RHUM,13075030
2947,TMAX,13075030
2947,TMIN,13075030
2948,ESOL,13075030
2948,RAIN,13075030
2948,RHUM,13075030
2948,TMAX,13075030
2948,TMIN,13075030
2949,ESOL,13075030
2949,RAIN,13075030
2949,RHUM,13075030
2949,TMAX,13075030
2949,TMIN,13075030
2951,ESOL,13075030
2951,RAIN,13075030
2951,RHUM,13075030
2951,TMAX,13075030
2951,TMIN,13075030
3690,ESOL,13075030
3690,RAIN,13075030
3690,RHUM,13075030
3690,TMAX,13075030
3690,TMIN,13075030
3873,ESOL,13075030
3873,RAIN,13075030
3873,RHUM,13075030
3873,TMAX,13075030
3873,TMIN,13075030
3876,ESOL,13075030
3876,RAIN,13075030
3876,RHUM,13075030
3876,TMAX,13075030
3876,TMIN,13075030
4543,ESOL,13075030
4543,RAIN,13075030
4543,RHUM,13075030
4543,TMAX,13075030
4543,TMIN,13075030
4559,ESOL,13075030
4559,RAIN,13075030
4559,RHUM,13075030
4559,TMAX,13075030
4559,TMIN,13075030
829,TMAX,13075010
829,TMIN,13075010
829,RAIN,13075010
829,RHUM,13075010
835,TMAX,13075010
835,TMIN,13075010
835,RAIN,13075010
835,RHUM,13075010
2663,TMAX,13065020
2663,TMIN,13065020
2663,RAIN,13065020
2663,RHUM,13065020
2666,TMAX,13065020
2666,TMIN,13065020
2666,RAIN,13065020
2666,RHUM,13065020
2668,TMAX,13065020
2668,TMIN,13065020
2668,RAIN,13065020
2668,RHUM,13065020
2669,TMAX,13065020
2669,TMIN,13065020
2669,RAIN,13065020
2669,RHUM,13065020
2675,TMAX,13065020
2675,TMIN,13065020
2675,RAIN,13065020
2675,RHUM,13065020
2678,TMAX,13065020
2678,TMIN,13065020
2678,RAIN,13065020
2678,RHUM,13065020
2679,TMAX,13065020
2679,TMIN,13065020
2679,RAIN,13065020
2679,RHUM,13065020
2680,TMAX,13065020
2680,TMIN,13065020
2680,RAIN,13065020
2680,RHUM,13065020
2681,TMAX,13065020
2681,TMIN,13065020
2681,RAIN,13065020
2681,RHUM,13065020
2774,TMAX,13065020
2774,TMIN,13065020
2774,RAIN,13065020
2774,RHUM,13065020
2775,TMAX,13065020
2775,TMIN,13065020
2775,RAIN,13065020
2775,RHUM,13065020
3130,TMAX,13075010
3130,TMIN,13075010
3130,RAIN,13075010
3130,RHUM,13075010
3136,TMAX,13075010
3136,TMIN,13075010
3136,RAIN,13075010
3136,RHUM,13075010
3145,TMAX,13075020
3145,TMIN,13075020
3145,RAIN,13075020
3145,RHUM,13075020
3145,ESOL,13075030
3146,TMAX,13075020
3146,TMIN,13075020
3146,RAIN,13075020
3146,RHUM,13075020
3146,ESOL,13075030
3147,ESOL,13075030
3147,TMAX,13075020
3147,TMIN,13075020
3147,RAIN,13075020
3147,RHUM,13075020
3148,ESOL,13075030
3148,TMAX,13075020
3148,TMIN,13075020
3148,RAIN,13075020
3148,RHUM,13075020
3157,ESOL,13075030
3157,TMAX,13075020
3157,TMIN,13075020
3157,RAIN,13075020
3157,RHUM,13075020
3158,ESOL,13075030
3158,TMAX,13075020
3158,TMIN,13075020
3158,RAIN,13075020
3158,RHUM,13075020
3159,ESOL,13075030
3159,TMAX,13075020
3159,TMIN,13075020
3159,RAIN,13075020
3159,RHUM,13075020
3160,ESOL,13075030
3160,TMAX,13075020
3160,TMIN,13075020
3160,RAIN,13075020
3160,RHUM,13075020
3164,ESOL,13075030
3164,TMAX,13075020
3164,TMIN,13075020
3164,RAIN,13075020
3164,RHUM,13075020
3178,TMAX,13075010
3178,TMIN,13075010
3178,RAIN,13075010
3178,RHUM,13075010
3244,ESOL,13075030
3244,TMAX,13075020
3244,TMIN,13075020
3244,RAIN,13075020
3244,RHUM,13075020
3245,ESOL,13075030
3245,TMAX,13075020
3245,TMIN,13075020
3245,RAIN,13075020
3245,RHUM,13075020
3256,ESOL,13075030
3256,TMAX,13075020
3256,TMIN,13075020
3256,RAIN,13075020
3256,RHUM,13075020
3257,ESOL,13075030
3257,TMAX,13075020
3257,TMIN,13075020
3257,RAIN,13075020
3257,RHUM,13075020
3258,ESOL,13075030
3258,TMAX,13075020
3258,TMIN,13075020
3258,RAIN,13075020
3258,RHUM,13075020
3259,ESOL,13075030
3259,TMAX,13075020
3259,TMIN,13075020
3259,RAIN,13075020
3259,RHUM,13075020
3260,ESOL,13075030
3260,TMAX,13075020
3260,TMIN,13075020
3260,RAIN,13075020
3260,RHUM,13075020
3261,ESOL,13075030
3261,TMAX,13075020
3261,TMIN,13075020
3261,RAIN,13075020
3261,RHUM,13075020
3262,ESOL,13075030
3262,TMAX,13075020
3262,TMIN,13075020
3262,RAIN,13075020
3262,RHUM,13075020
3263,ESOL,13075030
3263,TMAX,13075020
3263,TMIN,13075020
3263,RAIN,13075020
3263,RHUM,13075020
3264,ESOL,13075030
3264,TMAX,13075020
3264,TMIN,13075020
3264,RAIN,13075020
3264,RHUM,13075020
3265,ESOL,13075030
3265,TMAX,13075020
3265,TMIN,13075020
3265,RAIN,13075020
3265,RHUM,13075020
3266,ESOL,13075030
3266,TMAX,13075020
3266,TMIN,13075020
3266,RAIN,13075020
3266,RHUM,13075020
3281,ESOL,13075030
3281,TMAX,13075020
3281,TMIN,13075020
3281,RAIN,13075020
3281,RHUM,13075020
3282,ESOL,13075030
3282,TMAX,13075020
3282,TMIN,13075020
3282,RAIN,13075020
3282,RHUM,13075020
3739,ESOL,13075030
3739,TMAX,13075020
3739,TMIN,13075020
3739,RAIN,13075020
3739,RHUM,13075020
3744,TMAX,13065020
3744,TMIN,13065020
3744,RAIN,13065020
3744,RHUM,13065020
3751,TMAX,13065020
3751,TMIN,13065020
3751,RAIN,13065020
3751,RHUM,13065020
4337,TMAX,13065020
4337,TMIN,13065020
4337,RAIN,13065020
4337,RHUM,13065020
4354,TMAX,13065020
4354,TMIN,13065020
4354,RAIN,13065020
4354,RHUM,13065020
829,ESOL,13075030
835,ESOL,13075030
2663,ESOL,25025190
2666,ESOL,25025190
2668,ESOL,25025190
2669,ESOL,25025190
2675,ESOL,25025190
2678,ESOL,25025190
2679,ESOL,25025190
2680,ESOL,25025190
2681,ESOL,25025190
2774,ESOL,25025190
2775,ESOL,25025190
3130,ESOL,13075030
3136,ESOL,13075030
3178,ESOL,13075030
3744,ESOL,25025190
3751,ESOL,25025190
4337,ESOL,25025190
4354,ESOL,25025190
