ID_EVENTO,FECHA_SIEMBRA,FECHA_EMERGENCIA,FECHA_FLORACION,FECHA_COSECHA,PROD_COSECHADO
537,10/1/2013,10/6/2013,11/23/2013,2/3/2014,Grano seco
543,8/25/2013,8/30/2013,11/17/2013,1/15/2014,Grano seco
53,5/13/2013,5/18/2013,7/20/2013,9/26/2013,Grano seco
54,5/2/2013,5/7/2013,7/10/2013,9/11/2013,Grano seco
56,5/12/2013,5/17/2013,7/15/2013,9/19/2013,Grano seco
57,5/7/2013,5/12/2013,7/15/2013,9/12/2013,Grano seco
273,5/7/2013,5/12/2013,7/14/2013,9/12/2013,Grano seco
282,5/8/2013,5/14/2013,7/25/2013,9/18/2013,Grano seco
283,5/2/2013,5/7/2013,6/23/2013,9/17/2013,Grano seco
284,5/9/2013,5/14/2013,6/25/2013,9/22/2013,Grano seco
286,5/3/2013,5/9/2013,6/20/2013,9/14/2013,Grano seco
287,5/26/2013,5/31/2013,7/26/2013,10/5/2013,Grano seco
288,5/1/2013,5/7/2013,7/2/2013,9/12/2013,Grano seco
289,5/1/2013,5/6/2013,6/18/2013,9/11/2013,Grano seco
290,5/10/2013,5/15/2013,7/12/2013,9/21/2013,Grano seco
291,5/20/2013,5/25/2013,7/23/2013,9/30/2013,Grano seco
293,5/20/2013,10/24/2013,7/23/2013,9/24/2013,Grano seco
294,5/13/2013,5/18/2013,7/25/2013,9/17/2013,Grano seco
295,5/15/2013,5/21/2013,7/25/2013,10/3/2013,Grano seco
536,9/26/2013,10/1/2013,11/17/2013,2/3/2014,Grano seco
539,10/1/2013,10/6/2013,11/25/2013,2/3/2014,Grano seco
540,9/22/2013,9/28/2013,11/14/2013,2/10/2014,Grano seco
548,10/1/2013,10/7/2013,11/21/2013,1/30/2014,Grano seco
549,8/25/2013,8/30/2013,10/15/2013,1/15/2014,Grano seco
559,10/6/2013,10/11/2013,11/23/2013,2/10/2014,Grano seco
560,9/14/2013,9/19/2013,10/31/2013,1/10/2014,Grano seco
617,10/7/2013,10/12/2013,11/24/2013,2/10/2014,Grano seco
618,10/9/2013,10/14/2013,11/28/2013,3/10/2014,Grano seco
3277,10/17/2015,10/21/2015,12/5/2015,2/23/2016,Grano seco
766,5/10/2014,5/15/2014,6/28/2014,9/9/2014,Grano seco
781,5/20/2014,5/26/2014,7/8/2014,9/25/2014,Grano seco
783,5/5/2014,5/11/2014,6/22/2014,9/7/2014,Grano seco
784,5/13/2014,5/19/2014,6/28/2014,9/17/2014,Grano seco
788,5/17/2014,5/23/2014,6/30/2014,9/20/2014,Grano seco
791,11/2/2013,11/8/2013,12/20/2013,3/13/2014,Grano seco
797,9/17/2013,9/23/2013,11/5/2013,1/15/2014,Grano seco
804,9/29/2013,10/5/2013,11/18/2013,1/20/2014,Grano seco
805,7/19/2013,7/26/2013,9/6/2013,12/20/2013,Grano seco
806,9/13/2013,9/19/2013,10/31/2013,1/14/2014,Grano seco
813,5/7/2014,5/13/2014,6/22/2014,9/12/2014,Grano seco
814,5/19/2014,5/23/2014,7/5/2014,9/20/2014,Grano seco
816,3/26/2014,4/3/2014,5/12/2014,7/31/2014,Grano seco
817,5/6/2014,5/14/2014,6/24/2014,9/18/2014,Grano seco
818,5/10/2014,5/17/2014,6/26/2014,9/12/2014,Grano seco
820,5/20/2014,5/27/2014,7/7/2014,9/22/2014,Grano seco
821,5/8/2014,5/13/2014,6/23/2014,9/12/2014,Grano seco
823,5/5/2014,5/11/2014,6/25/2014,9/2/2014,Grano seco
824,5/10/2014,5/18/2014,6/27/2014,9/25/2014,Grano seco
826,5/12/2014,5/18/2014,6/30/2014,9/15/2014,Grano seco
827,5/1/2014,5/7/2014,6/20/2014,9/28/2014,Grano seco
829,5/4/2014,5/10/2014,6/24/2014,9/18/2014,Grano seco
830,5/5/2014,5/11/2014,6/24/2014,9/12/2014,Grano seco
835,5/15/2014,5/20/2014,7/5/2014,9/29/2014,Grano seco
838,5/10/2014,5/17/2014,6/29/2014,6/8/2014,Grano seco
840,5/23/2014,5/30/2014,7/12/2014,10/7/2014,Grano seco
1770,8/28/2014,9/1/2014,10/12/2014,1/20/2015,Grano seco
1771,8/29/2014,9/3/2014,10/17/2014,1/29/2015,Grano seco
1772,10/1/2014,10/8/2014,11/14/2014,2/6/2015,Grano seco
1773,9/19/2014,9/23/2014,11/15/2014,1/30/2015,Grano seco
1799,8/27/2014,9/2/2014,10/14/2014,1/5/2015,Grano seco
1800,9/8/2014,9/15/2014,10/22/2014,1/28/2015,Grano seco
2010,5/27/2015,6/1/2015,7/18/2015,10/4/2015,Grano seco
2011,5/27/2015,6/1/2015,7/18/2015,9/28/2015,Grano seco
2015,5/27/2015,6/1/2015,7/18/2015,10/7/2015,Grano seco
2016,5/28/2015,6/2/2015,7/17/2015,10/7/2015,Grano seco
2018,5/25/2015,5/29/2015,7/15/2015,9/29/2015,Grano seco
2020,5/17/2015,5/23/2015,7/15/2015,9/19/2015,Grano seco
2021,5/20/2015,5/25/2015,7/17/2015,9/18/2015,Grano seco
2022,5/26/2015,5/31/2015,7/14/2015,9/28/2015,Grano seco
2029,5/20/2015,5/24/2015,7/10/2015,9/15/2015,Grano seco
2031,5/26/2015,5/31/2015,7/17/2015,9/29/2015,Grano seco
2032,5/21/2015,5/26/2015,7/10/2015,9/24/2015,Grano seco
2035,5/26/2015,5/29/2015,7/14/2015,10/10/2015,Grano seco
2038,5/20/2015,5/25/2015,7/10/2015,10/8/2015,Grano seco
2039,5/27/2015,6/1/2015,7/20/2015,10/5/2015,Grano seco
2040,5/31/2015,6/4/2015,7/24/2015,9/29/2015,Grano seco
2041,5/28/2015,6/1/2015,7/18/2015,9/30/2015,Grano seco
2042,5/3/2015,5/8/2015,6/25/2015,8/25/2015,Grano seco
2043,5/18/2015,5/22/2015,7/10/2015,9/18/2015,Grano seco
2044,5/15/2015,5/20/2015,7/7/2015,9/21/2015,Grano seco
2045,5/15/2015,5/20/2015,7/6/2015,9/20/2015,Grano seco
2048,5/28/2015,5/31/2015,7/12/2015,10/2/2015,Grano seco
2050,5/16/2015,5/21/2015,7/5/2015,9/20/2015,Grano seco
2051,5/26/2015,5/31/2015,7/17/2015,9/27/2015,Grano seco
2052,5/18/2015,5/23/2015,7/8/2015,9/22/2015,Grano seco
2053,5/25/2015,5/30/2015,7/17/2015,9/25/2015,Grano seco
2069,5/22/2015,5/27/2015,7/12/2015,10/12/2015,Grano seco
2078,5/18/2015,5/23/2015,7/9/2015,9/20/2015,Grano seco
2079,5/7/2015,5/12/2015,6/27/2015,9/20/2015,Grano seco
2080,5/11/2015,5/16/2015,7/2/2015,9/18/2015,Grano seco
2081,5/9/2015,5/14/2015,7/1/2015,9/14/2015,Grano seco
2082,5/20/2015,5/24/2015,7/18/2015,9/21/2015,Grano seco
2083,5/11/2015,5/15/2015,7/2/2015,9/17/2015,Grano seco
2084,5/21/2015,5/26/2015,7/16/2015,10/12/2015,Grano seco
2086,5/20/2015,5/25/2015,7/11/2015,9/19/2015,Grano seco
2088,5/20/2015,5/25/2015,7/10/2015,9/22/2015,Grano seco
2089,5/20/2015,5/24/2015,7/20/2015,9/22/2015,Grano seco
2090,5/14/2015,5/19/2015,7/5/2015,9/20/2015,Grano seco
2091,5/23/2015,5/28/2015,7/13/2015,9/25/2015,Grano seco
2092,5/22/2015,5/27/2015,8/13/2015,9/30/2015,Grano seco
2107,5/19/2015,5/24/2015,7/11/2015,9/25/2015,Grano seco
2110,5/23/2015,5/28/2015,7/14/2015,10/2/2015,Grano seco
2111,5/1/2015,5/6/2015,6/23/2015,9/5/2015,Grano seco
2113,5/20/2015,6/9/2015,7/15/2015,9/30/2015,Grano seco
2117,5/27/2015,6/1/2015,7/16/2015,10/4/2015,Grano seco
2118,5/21/2015,5/26/2015,7/13/2015,9/27/2015,Grano seco
2119,5/22/2015,5/27/2015,7/13/2015,9/30/2015,Grano seco
2120,5/30/2015,6/4/2015,7/16/2015,10/5/2015,Grano seco
2128,5/27/2015,6/1/2015,7/25/2015,9/26/2015,Grano seco
2129,5/15/2015,5/20/2015,7/5/2015,10/13/2015,Grano seco
2130,5/17/2015,5/20/2015,7/10/2015,9/12/2015,Grano seco
2132,5/16/2015,5/21/2015,7/13/2015,9/15/2015,Grano seco
2135,5/21/2015,5/29/2015,7/14/2015,10/5/2015,Grano seco
2136,5/20/2015,5/25/2015,7/15/2015,9/25/2015,Grano seco
2137,5/16/2015,5/20/2015,7/10/2015,9/15/2015,Grano seco
2138,5/6/2015,5/21/2015,7/6/2015,9/12/2015,Grano seco
2140,5/25/2015,5/30/2015,7/14/2015,9/23/2015,Grano seco
2154,4/22/2015,4/27/2015,6/11/2015,9/17/2015,Grano seco
2157,5/26/2015,6/2/2015,7/23/2015,9/21/2015,Grano seco
2158,5/25/2015,5/30/2015,7/16/2015,9/23/2015,Grano seco
2159,5/25/2015,5/30/2015,7/18/2015,10/3/2015,Grano seco
2160,5/20/2015,5/25/2015,7/11/2015,9/28/2015,Grano seco
2161,5/15/2015,5/20/2015,7/7/2015,9/23/2015,Grano seco
2163,5/22/2015,5/27/2015,7/14/2015,9/27/2015,Grano seco
2164,6/1/2015,6/6/2015,7/21/2015,10/12/2015,Grano seco
2165,5/21/2015,5/26/2015,7/10/2015,9/30/2015,Grano seco
2166,5/25/2015,5/30/2015,7/15/2015,10/12/2015,Grano seco
2167,5/25/2015,5/30/2015,7/16/2015,10/3/2015,Grano seco
2206,5/24/2015,5/29/2015,7/19/2015,9/15/2015,Grano seco
2207,5/29/2015,6/3/2015,7/18/2015,10/15/2015,Grano seco
2211,5/20/2015,5/25/2015,7/10/2015,9/23/2015,Grano seco
2214,5/28/2015,6/2/2015,7/25/2015,9/26/2015,Grano seco
2216,5/18/2015,5/23/2015,7/12/2015,9/21/2015,Grano seco
2218,5/19/2015,5/24/2015,7/9/2015,9/19/2015,Grano seco
2220,5/26/2015,5/31/2015,7/18/2015,9/27/2015,Grano seco
2222,5/24/2015,5/29/2015,7/14/2015,9/28/2015,Grano seco
2224,5/30/2015,6/9/2015,7/19/2015,9/14/2015,Grano seco
2225,5/30/2015,6/9/2015,7/19/2015,9/19/2015,Grano seco
2228,5/20/2015,5/24/2015,7/14/2015,9/17/2015,Grano seco
2229,5/21/2015,5/26/2015,7/12/2015,9/18/2015,Grano seco
2233,5/23/2015,5/28/2015,7/13/2015,9/26/2015,Grano seco
2234,5/21/2015,5/26/2015,7/10/2015,9/27/2015,Grano seco
2235,5/15/2015,5/20/2015,7/4/2015,9/21/2015,Grano seco
2236,5/20/2015,5/25/2015,7/10/2015,9/27/2015,Grano seco
2237,5/20/2015,5/25/2015,7/11/2015,9/19/2015,Grano seco
2238,5/17/2015,5/22/2015,7/7/2015,9/20/2015,Grano seco
2241,5/23/2015,5/28/2015,7/18/2015,9/25/2015,Grano seco
2242,6/7/2015,6/12/2015,7/27/2015,10/12/2015,Grano seco
2243,5/25/2015,5/30/2015,7/22/2015,9/25/2015,Grano seco
2267,5/30/2015,6/4/2015,7/12/2015,10/12/2015,Grano seco
2275,5/20/2015,5/25/2015,7/11/2015,9/27/2015,Grano seco
2277,5/20/2015,5/25/2015,7/12/2015,9/24/2015,Grano seco
2280,5/20/2015,5/28/2015,7/22/2015,9/20/2015,Grano seco
2281,5/21/2015,5/26/2015,7/11/2015,9/23/2015,Grano seco
2282,5/23/2015,5/28/2015,7/18/2015,9/14/2015,Grano seco
2283,5/18/2015,5/23/2015,7/17/2015,9/25/2015,Grano seco
2284,5/18/2015,5/23/2015,7/7/2015,9/26/2015,Grano seco
2293,5/18/2015,5/23/2015,7/15/2015,9/14/2015,Grano seco
2298,4/26/2015,5/1/2015,7/17/2015,9/4/2015,Grano seco
2314,6/6/2015,6/11/2015,7/26/2015,10/5/2015,Grano seco
2351,5/18/2015,5/23/2015,7/7/2015,9/14/2015,Grano seco
2352,5/20/2015,5/25/2015,7/9/2015,9/21/2015,Grano seco
2387,5/3/2015,5/7/2015,6/22/2015,9/7/2015,Grano seco
2391,5/15/2015,5/20/2015,7/7/2015,9/10/2015,Grano seco
2392,5/20/2015,5/26/2015,7/13/2015,9/15/2015,Grano seco
2404,5/25/2015,5/30/2015,7/16/2015,10/1/2015,Grano seco
2406,5/21/2015,5/25/2015,7/9/2015,10/5/2015,Grano seco
2457,4/4/2015,5/10/2015,5/25/2015,9/1/2015,Grano seco
2458,4/28/2015,5/6/2015,6/22/2015,9/10/2015,Grano seco
2465,5/20/2015,5/27/2015,7/11/2015,9/25/2015,Grano seco
2466,5/23/2015,5/28/2015,7/13/2015,9/30/2015,Grano seco
2472,5/25/2015,5/30/2015,7/16/2015,10/2/2015,Grano seco
2474,5/5/2015,5/10/2015,6/24/2015,9/10/2015,Grano seco
2501,5/21/2015,5/26/2015,7/10/2015,9/15/2015,Grano seco
2506,5/21/2015,5/26/2015,7/11/2015,9/20/2015,Grano seco
2507,5/5/2015,5/10/2015,6/27/2015,9/14/2015,Grano seco
2508,5/20/2015,5/25/2015,7/12/2015,9/30/2015,Grano seco
2510,5/5/2015,6/4/2015,7/23/2015,9/28/2015,Grano seco
2511,5/22/2015,5/27/2015,7/12/2015,9/27/2015,Grano seco
2535,5/28/2015,6/2/2015,7/20/2015,10/15/2015,Grano seco
2536,5/25/2015,5/30/2015,7/15/2015,9/29/2015,Grano seco
2539,5/20/2015,5/25/2015,7/9/2015,9/16/2015,Grano seco
2540,5/1/2015,5/6/2015,7/30/2015,9/9/2015,Grano seco
2545,5/19/2015,5/24/2015,7/11/2015,9/10/2015,Grano seco
2550,5/20/2015,5/25/2015,8/10/2015,9/15/2015,Grano seco
2560,5/26/2015,5/31/2015,7/16/2015,9/25/2015,Grano seco
2573,5/20/2015,5/24/2015,7/14/2015,9/18/2015,Grano seco
2577,5/30/2015,6/4/2015,7/22/2015,9/29/2015,Grano seco
2579,5/20/2015,5/25/2015,7/10/2015,9/22/2015,Grano seco
2609,5/26/2015,5/31/2015,7/17/2015,9/25/2015,Grano seco
2635,6/1/2015,6/6/2015,7/22/2015,9/26/2015,Grano seco
2636,5/28/2015,6/2/2015,7/18/2015,9/16/2015,Grano seco
2637,5/20/2015,5/25/2015,7/11/2015,9/15/2015,Grano seco
2641,5/12/2015,5/17/2015,7/3/2015,9/25/2015,Grano seco
2643,5/16/2015,5/21/2015,7/6/2015,10/1/2015,Grano seco
2661,5/20/2015,5/25/2015,7/10/2015,9/18/2015,Grano seco
2662,5/22/2015,5/27/2015,7/13/2015,9/24/2015,Grano seco
2663,5/17/2015,5/22/2015,7/8/2015,9/19/2015,Grano seco
2666,5/19/2015,5/24/2015,7/10/2015,9/20/2015,Grano seco
2668,5/15/2015,5/20/2015,7/6/2015,9/14/2015,Grano seco
2669,5/15/2015,5/20/2015,7/6/2015,9/17/2015,Grano seco
2675,5/3/2015,5/8/2015,6/25/2015,9/16/2015,Grano seco
2678,5/9/2015,5/14/2015,6/30/2015,9/10/2015,Grano seco
2679,5/1/2015,5/6/2015,6/21/2015,9/8/2015,Grano seco
2680,5/1/2015,5/6/2015,6/21/2015,9/10/2015,Grano seco
2681,5/27/2015,6/2/2015,7/17/2015,9/28/2015,Grano seco
2687,5/25/2015,5/30/2015,7/15/2015,9/23/2015,Grano seco
2688,5/30/2015,6/4/2015,7/21/2015,9/28/2015,Grano seco
2690,5/20/2015,5/25/2015,7/11/2015,9/30/2015,Grano seco
2694,5/16/2015,5/21/2015,7/7/2015,9/28/2015,Grano seco
2718,5/23/2015,5/28/2015,7/15/2015,9/24/2015,Grano seco
2719,5/20/2015,5/25/2015,7/12/2015,9/27/2015,Grano seco
2721,5/20/2015,5/25/2015,7/11/2015,9/15/2015,Grano seco
2722,5/25/2015,5/30/2015,7/16/2015,9/30/2015,Grano seco
2723,5/15/2015,5/20/2015,7/5/2015,9/27/2015,Grano seco
2733,5/18/2015,5/23/2015,7/8/2015,9/20/2015,Grano seco
2735,5/20/2015,5/25/2015,7/10/2015,9/21/2015,Grano seco
2736,4/24/2015,4/30/2015,6/15/2015,8/31/2015,Grano seco
2739,4/23/2015,4/28/2015,6/12/2015,9/1/2015,Grano seco
2740,5/14/2015,5/19/2015,7/3/2015,9/29/2015,Grano seco
2746,5/28/2015,6/2/2015,7/17/2015,10/2/2015,Grano seco
2757,5/1/2015,5/6/2015,6/17/2015,8/21/2015,Grano seco
2762,5/7/2015,5/13/2015,7/3/2015,9/25/2015,Grano seco
2766,5/16/2015,5/22/2015,7/11/2015,10/2/2015,Grano seco
2767,5/11/2015,5/16/2015,7/6/2015,9/21/2015,Grano seco
2771,5/21/2015,5/26/2015,7/11/2015,9/27/2015,Grano seco
2772,5/25/2015,5/30/2015,7/15/2015,10/4/2015,Grano seco
2773,5/20/2015,5/25/2015,7/11/2015,10/8/2015,Grano seco
2774,5/18/2015,5/23/2015,7/9/2015,9/18/2015,Grano seco
2775,5/19/2015,5/24/2015,7/10/2015,9/18/2015,Grano seco
2860,5/5/2015,5/11/2015,6/22/2015,9/10/2015,Grano seco
2862,5/10/2015,5/16/2015,6/29/2015,9/15/2015,Grano seco
2863,5/25/2015,5/30/2015,7/13/2015,9/25/2015,Grano seco
2864,5/17/2015,5/23/2015,7/6/2015,9/25/2015,Grano seco
2865,5/10/2015,5/16/2015,6/25/2015,9/15/2015,Grano seco
2866,5/20/2015,5/26/2015,7/9/2015,9/17/2015,Grano seco
2867,5/20/2015,5/26/2015,7/9/2015,9/25/2015,Grano seco
2873,5/16/2015,5/22/2015,7/15/2015,10/2/2015,Grano seco
2886,4/13/2015,4/20/2015,6/11/2015,8/27/2015,Grano seco
2888,5/12/2015,5/19/2015,7/13/2015,9/28/2015,Grano seco
2890,5/6/2015,5/13/2015,7/6/2015,9/25/2015,Grano seco
2891,5/20/2015,5/26/2015,7/8/2015,9/29/2015,Grano seco
2892,5/20/2015,5/26/2015,7/10/2015,10/2/2015,Grano seco
2893,4/21/2015,4/28/2015,6/19/2015,9/10/2015,Grano seco
2895,4/21/2015,4/27/2015,6/22/2015,9/14/2015,Grano seco
2898,4/20/2015,4/25/2015,6/17/2015,9/4/2015,Grano seco
2901,4/22/2015,4/28/2015,6/18/2015,9/14/2015,Grano seco
2902,4/25/2015,5/1/2015,6/24/2015,9/24/2015,Grano seco
2917,4/20/2015,4/25/2015,6/16/2015,9/12/2015,Grano seco
2921,5/1/2015,5/6/2015,6/29/2015,9/17/2015,Grano seco
2937,5/23/2015,5/28/2015,7/17/2015,10/9/2015,Grano seco
2944,5/17/2015,5/23/2015,7/16/2015,10/9/2015,Grano seco
2948,5/17/2015,5/23/2015,7/15/2015,9/29/2015,Grano seco
2953,5/15/2015,5/20/2015,7/8/2015,10/10/2015,Grano seco
2954,5/22/2015,5/27/2015,7/17/2015,10/10/2015,Grano seco
3103,9/10/2015,9/16/2015,11/4/2015,1/26/2016,Grano seco
3106,9/12/2015,9/15/2015,11/4/2015,1/20/2016,Grano seco
3122,9/14/2015,9/20/2015,11/10/2015,1/27/2016,Grano seco
3124,9/7/2015,10/12/2015,10/29/2015,1/16/2016,Grano seco
3125,9/20/2015,9/25/2015,11/12/2015,1/29/2016,Grano seco
3135,9/18/2015,NA,NA,1/25/2016,Grano seco
3280,9/25/2015,9/30/2015,11/20/2015,2/12/2016,Grano seco
787,5/10/2014,5/16/2014,6/27/2014,9/15/2014,Grano seco
3278,9/28/2015,10/2/2015,11/15/2015,2/9/2016,Grano seco
3299,10/9/2015,10/13/2015,11/30/2015,2/20/2016,Grano seco
4501,5/19/2016,5/25/2016,7/13/2016,9/30/2016,Grano seco
4502,5/18/2016,5/24/2016,7/12/2016,10/7/2016,Grano seco
4504,5/17/2016,5/23/2016,7/3/2016,9/23/2016,Grano seco
4506,5/16/2016,5/23/2016,7/10/2016,9/24/2016,Grano seco
4507,5/17/2016,5/25/2016,7/5/2016,9/30/2016,Grano seco
4510,5/16/2016,5/22/2016,7/9/2016,10/2/2016,Grano seco
4551,5/15/2016,5/22/2016,7/11/2016,9/23/2016,Grano seco
4605,5/5/2016,5/9/2016,6/28/2016,9/11/2016,Grano seco
4606,5/7/2016,5/10/2016,6/26/2016,9/20/2016,Grano seco
2871,4/30/2015,5/6/2015,6/23/2015,9/15/2015,Grano seco
2896,4/28/2015,5/2/2015,6/27/2015,9/19/2015,Grano seco
2153,5/21/2015,5/28/2015,7/22/2015,10/3/2015,Grano seco
2541,5/15/2015,5/20/2015,7/6/2015,9/12/2015,Grano seco
2925,5/2/2015,5/8/2015,6/27/2015,9/22/2015,Grano seco
2831,5/11/2015,5/16/2015,7/8/2015,9/28/2015,Grano seco
2836,4/17/2015,4/23/2015,6/12/2015,9/4/2015,Grano seco
2301,5/2/2015,5/7/2015,6/22/2015,9/10/2015,Grano seco
2754,5/21/2015,5/26/2015,7/10/2015,9/30/2015,Grano seco
2747,5/20/2015,5/25/2015,6/20/2015,9/28/2015,Grano seco
2950,5/6/2015,5/12/2015,7/2/2015,9/16/2015,Grano seco
2751,5/1/2015,5/5/2015,6/15/2015,9/8/2015,Grano seco
2752,5/25/2015,5/30/2015,7/14/2015,10/3/2015,Grano seco
2302,5/8/2015,4/26/2015,6/10/2015,8/20/2015,Grano seco
2741,4/29/2015,5/5/2015,6/18/2015,9/18/2015,Grano seco
2750,5/5/2015,5/11/2015,6/20/2015,9/16/2015,Grano seco
2949,5/19/2015,5/24/2015,7/13/2015,10/8/2015,Grano seco
2940,4/28/2015,5/4/2015,6/27/2015,9/17/2015,Grano seco
2946,5/7/2015,5/13/2015,6/29/2015,9/16/2015,Grano seco
3024,9/6/2015,9/10/2015,10/27/2015,1/15/2016,Grano seco
3172,10/2/2015,10/7/2015,11/22/2015,2/25/2016,Grano seco
3173,10/3/2015,10/8/2015,11/23/2015,2/26/2016,Grano seco
3174,9/18/2015,9/22/2015,11/7/2015,1/28/2016,Grano seco
3175,9/23/2015,9/27/2015,11/13/2015,2/5/2016,Grano seco
3176,9/25/2015,9/30/2015,11/17/2015,1/28/2016,Grano seco
3177,10/7/2015,10/12/2015,11/29/2015,2/17/2016,Grano seco
3179,10/2/2015,10/6/2015,11/22/2015,2/10/2016,Grano seco
3180,10/15/2015,10/19/2015,12/4/2015,2/20/2016,Grano seco
3181,10/12/2015,10/16/2015,12/1/2015,2/20/2016,Grano seco
3182,9/26/2015,10/1/2015,11/15/2015,2/8/2016,Grano seco
3183,10/5/2015,10/9/2015,11/27/2015,2/20/2016,Grano seco
3184,10/7/2015,10/12/2015,11/30/2015,2/17/2016,Grano seco
3185,9/20/2015,9/25/2015,11/10/2015,2/10/2016,Grano seco
3188,9/27/2015,10/1/2015,11/17/2015,2/12/2016,Grano seco
3190,9/25/2015,9/30/2015,11/16/2015,2/14/2016,Grano seco
3191,9/24/2015,9/29/2015,11/16/2015,2/8/2016,Grano seco
3192,10/16/2015,10/20/2015,12/8/2015,2/24/2016,Grano seco
3193,10/22/2015,10/25/2015,12/11/2015,2/27/2016,Grano seco
3194,10/27/2015,11/2/2015,12/15/2015,3/7/2016,Grano seco
3195,10/27/2015,11/1/2015,12/16/2015,3/3/2016,Grano seco
3196,9/21/2015,9/26/2015,11/11/2015,2/15/2016,Grano seco
3197,9/21/2015,9/26/2015,11/11/2015,2/14/2016,Grano seco
3198,10/4/2015,10/9/2015,11/24/2015,2/28/2016,Grano seco
3202,9/19/2015,9/23/2015,11/8/2015,2/8/2016,Grano seco
3203,9/30/2015,10/3/2015,11/17/2015,2/10/2016,Grano seco
3204,9/22/2015,9/26/2015,11/13/2015,2/4/2016,Grano seco
3205,10/13/2015,10/17/2015,12/3/2015,2/22/2016,Grano seco
3206,10/30/2015,11/3/2015,12/18/2015,3/12/2016,Grano seco
3207,10/24/2015,10/28/2015,12/12/2015,3/4/2016,Grano seco
3208,10/7/2015,10/12/2015,11/29/2015,2/22/2016,Grano seco
3209,10/5/2015,10/10/2015,11/26/2015,2/16/2016,Grano seco
3211,10/25/2015,10/29/2015,12/14/2015,3/2/2016,Grano seco
3212,11/3/2015,11/7/2015,12/22/2015,3/12/2016,Grano seco
3213,11/10/2015,11/14/2015,12/30/2015,3/19/2016,Grano seco
3214,9/25/2015,9/29/2015,11/13/2015,2/15/2016,Grano seco
3215,9/30/2015,10/4/2015,11/20/2015,2/15/2016,Grano seco
3216,9/27/2015,10/1/2015,11/16/2015,2/8/2016,Grano seco
3217,9/22/2015,9/26/2015,11/11/2015,2/2/2016,Grano seco
3218,10/15/2015,10/19/2015,12/6/2015,2/27/2016,Grano seco
3219,10/22/2015,10/26/2015,12/10/2015,3/2/2016,Grano seco
3220,10/15/2015,10/19/2015,12/6/2015,2/24/2016,Grano seco
3221,9/30/2015,10/3/2015,11/19/2015,2/8/2016,Grano seco
3222,10/15/2015,10/19/2015,12/5/2015,2/26/2016,Grano seco
3223,10/10/2015,10/14/2015,11/30/2015,2/18/2016,Grano seco
3224,10/13/2015,10/18/2015,12/4/2015,2/26/2016,Grano seco
3225,10/7/2015,10/11/2015,11/27/2015,2/22/2016,Grano seco
3227,10/5/2015,10/9/2015,11/27/2015,2/22/2016,Grano seco
3228,9/27/2015,10/1/2015,11/17/2015,2/10/2016,Grano seco
3230,9/30/2015,10/4/2015,11/20/2015,2/15/2016,Grano seco
3231,10/12/2015,10/16/2015,12/2/2015,2/25/2016,Grano seco
3237,9/30/2015,10/5/2015,11/22/2015,2/5/2016,Grano seco
3238,9/30/2015,10/5/2015,11/21/2015,2/17/2016,Grano seco
3267,10/19/2015,10/24/2015,12/9/2015,2/25/2016,Grano seco
3268,10/8/2015,10/12/2015,11/26/2015,2/16/2016,Grano seco
3270,10/1/2015,10/5/2015,11/21/2015,2/20/2016,Grano seco
3271,10/2/2015,10/6/2015,11/21/2015,2/13/2016,Grano seco
3273,9/24/2015,9/28/2015,11/14/2015,2/4/2016,Grano seco
3274,10/25/2015,10/30/2015,12/15/2015,2/8/2016,Grano seco
3275,10/21/2015,10/25/2015,12/11/2015,3/3/2016,Grano seco
3276,10/26/2015,10/30/2015,12/15/2015,3/3/2016,Grano seco
3279,10/5/2015,10/9/2015,11/25/2015,2/20/2016,Grano seco
769,5/6/2014,5/10/2014,6/23/2014,9/10/2014,Grano seco
3312,9/28/2015,10/3/2015,11/19/2015,2/18/2016,Grano seco
3313,9/28/2015,10/3/2015,11/19/2015,2/19/2016,Grano seco
3314,9/25/2015,9/30/2015,11/16/2015,2/9/2016,Grano seco
3315,9/25/2015,9/30/2015,11/16/2015,2/8/2016,Grano seco
3316,9/27/2015,10/2/2015,11/17/2015,2/12/2016,Grano seco
3317,9/29/2015,10/4/2015,11/19/2015,2/13/2016,Grano seco
779,5/28/2014,6/5/2014,7/9/2014,9/25/2014,Grano seco
780,5/8/2014,5/15/2014,6/25/2014,9/12/2014,Grano seco
3320,10/1/2015,10/6/2015,11/22/2015,2/20/2016,Grano seco
3321,10/3/2015,10/8/2015,11/24/2015,2/18/2016,Grano seco
3322,10/4/2015,10/9/2015,11/25/2015,2/19/2016,Grano seco
3323,9/28/2015,10/3/2015,11/19/2015,2/24/2016,Grano seco
786,8/27/2013,9/3/2013,10/12/2013,2/2/2014,Grano seco
3326,9/26/2015,10/1/2015,11/16/2015,2/14/2016,Grano seco
3328,9/27/2015,10/1/2015,11/17/2015,2/10/2016,Grano seco
3329,9/15/2015,9/20/2015,11/7/2015,2/28/2016,Grano seco
3330,9/22/2015,9/27/2015,11/12/2015,2/8/2016,Grano seco
3331,10/2/2015,10/6/2015,11/22/2015,2/12/2016,Grano seco
3332,10/5/2015,10/9/2015,11/26/2015,2/18/2016,Grano seco
3333,10/1/2015,10/5/2015,11/22/2015,2/15/2016,Grano seco
3334,10/2/2015,10/6/2015,11/23/2015,2/12/2016,Grano seco
3335,10/5/2015,10/9/2015,11/25/2015,2/18/2016,Grano seco
807,5/9/2014,5/13/2014,6/24/2014,9/2/2014,Grano seco
3337,9/30/2015,10/4/2015,11/20/2015,2/13/2016,Grano seco
3339,9/15/2015,9/19/2015,11/6/2015,1/28/2016,Grano seco
3340,9/20/2015,9/24/2015,11/9/2015,2/3/2016,Grano seco
3341,10/3/2015,10/7/2015,11/23/2015,2/13/2016,Grano seco
3342,10/13/2015,10/17/2015,12/3/2015,2/25/2016,Grano seco
3343,10/5/2015,10/9/2015,11/25/2015,2/16/2016,Grano seco
3344,9/18/2015,9/22/2015,11/8/2015,1/26/2016,Grano seco
3345,10/10/2015,10/14/2015,11/30/2015,2/25/2016,Grano seco
3346,9/26/2015,10/1/2015,11/14/2015,2/15/2016,Grano seco
3347,10/2/2015,10/6/2015,11/22/2015,2/12/2016,Grano seco
3348,9/28/2015,10/2/2015,11/18/2015,2/9/2016,Grano seco
825,5/20/2014,5/27/2014,7/5/2014,9/25/2014,Grano seco
828,5/10/2014,5/15/2014,6/27/2014,9/18/2014,Grano seco
834,5/12/2014,5/18/2014,7/4/2014,9/23/2014,Grano seco
836,5/10/2014,5/15/2014,6/29/2014,9/20/2014,Grano seco
841,5/1/2013,5/13/2013,6/23/2013,9/17/2013,Grano seco
1778,8/10/2014,8/16/2014,9/27/2014,12/23/2014,Grano seco
3690,5/4/2016,5/9/2016,6/25/2016,9/24/2016,Grano seco
3698,5/14/2016,5/19/2016,7/4/2016,9/24/2016,Grano seco
3699,5/17/2016,5/23/2016,7/8/2016,9/25/2016,Grano seco
3701,5/17/2016,5/27/2016,7/7/2016,9/29/2016,Grano seco
3713,4/28/2016,5/2/2016,6/20/2016,8/22/2016,Grano seco
3732,5/13/2016,5/17/2016,7/3/2016,9/19/2016,Grano seco
3739,4/30/2016,5/5/2016,6/20/2016,9/12/2016,Grano seco
3741,5/10/2016,5/14/2016,6/29/2016,9/19/2016,Grano seco
3744,5/5/2016,5/10/2016,6/26/2016,9/13/2016,Grano seco
3751,4/25/2016,4/30/2016,6/17/2016,9/7/2016,Grano seco
3775,5/10/2016,5/14/2016,6/29/2016,9/22/2016,Grano seco
3815,5/16/2016,5/21/2016,7/4/2016,9/30/2016,Grano seco
3816,5/4/2016,5/8/2016,6/26/2016,9/19/2016,Grano seco
3817,4/25/2016,4/29/2016,6/14/2016,9/5/2016,Grano seco
3818,5/17/2016,5/22/2016,7/7/2016,9/29/2016,Grano seco
3819,5/16/2016,5/20/2016,7/4/2016,9/26/2016,Grano seco
3820,5/9/2016,5/13/2016,6/27/2016,9/21/2016,Grano seco
3821,4/27/2016,5/2/2016,6/14/2016,9/8/2016,Grano seco
3825,5/3/2016,NA,NA,9/19/2016,Grano seco
3826,5/4/2016,5/6/2016,6/23/2016,9/12/2016,Grano seco
3828,5/2/2016,5/6/2016,6/20/2016,9/14/2016,Grano seco
3830,5/7/2016,5/12/2016,6/27/2016,9/19/2016,Grano seco
3849,6/6/2016,6/11/2016,7/27/2016,10/21/2016,Grano seco
3851,5/19/2016,5/24/2016,7/9/2016,10/2/2016,Grano seco
3853,5/27/2016,6/1/2016,7/16/2016,10/10/2016,Grano seco
3856,5/10/2016,5/15/2016,6/30/2016,9/21/2016,Grano seco
3857,4/28/2016,5/3/2016,6/18/2016,9/14/2016,Grano seco
3859,5/15/2016,5/20/2016,7/6/2016,9/25/2016,Grano seco
3860,5/14/2016,5/19/2016,7/5/2016,9/23/2016,Grano seco
3862,5/6/2016,5/11/2016,6/26/2016,9/18/2016,Grano seco
3864,5/7/2016,5/12/2016,6/28/2016,9/19/2016,Grano seco
2007,5/8/2015,5/17/2015,7/3/2015,9/28/2015,Grano seco
2008,5/15/2015,5/19/2015,7/7/2015,9/17/2015,Grano seco
2012,5/25/2015,5/28/2015,7/16/2015,10/1/2015,Grano seco
2013,5/23/2015,5/27/2015,7/15/2015,9/28/2015,Grano seco
2014,5/24/2015,5/28/2015,7/14/2015,9/22/2015,Grano seco
3885,5/1/2016,5/6/2016,6/22/2016,9/20/2016,Grano seco
3888,5/2/2016,5/7/2016,6/24/2016,9/20/2016,Grano seco
2017,5/19/2015,5/18/2015,7/8/2015,9/21/2015,Grano seco
3910,4/28/2016,5/2/2016,6/13/2016,9/15/2016,Grano seco
3911,5/3/2016,5/8/2016,6/26/2016,9/14/2016,Grano seco
3912,5/8/2016,5/12/2016,6/30/2016,9/20/2016,Grano seco
3913,4/30/2016,5/4/2016,6/19/2016,9/10/2016,Grano seco
3914,5/1/2016,5/5/2016,6/21/2016,9/19/2016,Grano seco
2030,5/30/2015,6/5/2015,7/14/2015,10/5/2015,Grano seco
3916,5/1/2016,5/5/2016,6/19/2016,9/13/2016,Grano seco
3917,5/2/2016,5/6/2016,6/23/2016,9/12/2016,Grano seco
3918,5/5/2016,5/9/2016,6/27/2016,9/12/2016,Grano seco
3920,5/6/2016,5/10/2016,6/25/2016,9/14/2016,Grano seco
3921,5/5/2016,5/10/2016,6/28/2016,9/20/2016,Grano seco
3923,4/30/2016,5/3/2016,6/20/2016,9/20/2016,Grano seco
3924,5/10/2016,5/14/2016,6/28/2016,9/21/2016,Grano seco
3926,5/12/2016,5/16/2016,7/1/2016,9/14/2016,Grano seco
3927,5/1/2016,5/5/2016,6/23/2016,9/13/2016,Grano seco
3929,5/10/2016,5/14/2016,6/30/2016,9/20/2016,Grano seco
3930,5/6/2016,5/10/2016,6/24/2016,9/14/2016,Grano seco
3931,5/2/2016,5/7/2016,6/23/2016,9/12/2016,Grano seco
2047,5/20/2015,5/24/2015,7/12/2015,9/28/2015,Grano seco
3936,5/2/2016,5/6/2016,6/20/2016,9/13/2016,Grano seco
3937,5/12/2016,5/16/2016,6/29/2016,9/24/2016,Grano seco
3939,5/8/2016,5/12/2016,6/27/2016,9/20/2016,Grano seco
3940,5/13/2016,5/17/2016,7/4/2016,9/27/2016,Grano seco
3942,5/4/2016,5/9/2016,6/28/2016,9/12/2016,Grano seco
2057,5/20/2015,5/24/2015,7/10/2015,9/28/2015,Grano seco
2063,5/18/2015,5/22/2015,7/8/2015,9/28/2015,Grano seco
3945,5/5/2016,5/9/2016,6/27/2016,9/20/2016,Grano seco
2065,5/12/2015,5/18/2015,7/7/2015,9/22/2015,Grano seco
2066,5/18/2015,5/23/2015,7/12/2015,9/23/2015,Grano seco
3958,5/16/2016,5/20/2016,7/6/2016,10/5/2016,Grano seco
2068,5/20/2015,5/23/2015,7/8/2015,9/25/2015,Grano seco
3961,5/8/2016,5/12/2016,6/28/2016,9/20/2016,Grano seco
2070,5/23/2015,5/27/2015,7/12/2015,9/28/2015,Grano seco
2071,5/25/2015,5/29/2015,7/18/2015,10/2/2015,Grano seco
2072,5/21/2015,5/24/2015,7/9/2015,9/28/2015,Grano seco
2073,5/20/2015,5/23/2015,7/9/2015,9/28/2015,Grano seco
2074,5/23/2015,5/27/2015,7/14/2015,10/2/2015,Grano seco
2076,5/18/2015,5/22/2015,7/9/2015,9/28/2015,Grano seco
2077,5/24/2015,5/28/2015,7/13/2015,10/2/2015,Grano seco
3981,5/7/2016,5/12/2016,6/27/2016,9/18/2016,Grano seco
3983,5/4/2016,5/9/2016,6/24/2016,9/20/2016,Grano seco
3984,5/4/2016,5/9/2016,6/25/2016,9/19/2016,Grano seco
2098,5/23/2015,5/27/2015,6/15/2015,10/1/2015,Grano seco
2099,5/21/2015,5/25/2015,7/12/2015,9/28/2015,Grano seco
2100,5/24/2015,5/28/2015,7/16/2015,9/28/2015,Grano seco
2101,5/20/2015,5/24/2015,7/11/2015,10/1/2015,Grano seco
2102,5/21/2015,5/25/2015,8/13/2015,9/28/2015,Grano seco
2103,5/25/2015,5/29/2015,7/15/2015,9/30/2015,Grano seco
2104,5/20/2015,5/24/2015,7/10/2015,10/2/2015,Grano seco
2105,5/12/2015,5/15/2015,7/2/2015,9/21/2015,Grano seco
4161,5/6/2016,5/10/2016,6/26/2016,9/19/2016,Grano seco
4162,5/10/2016,5/15/2016,7/1/2016,9/20/2016,Grano seco
2109,5/20/2015,5/24/2015,7/12/2015,9/28/2015,Grano seco
4165,5/6/2016,5/10/2016,6/26/2016,9/10/2016,Grano seco
4166,5/3/2016,5/7/2016,6/24/2016,9/12/2016,Grano seco
4167,5/10/2016,5/14/2016,6/29/2016,9/22/2016,Grano seco
4230,5/5/2016,5/9/2016,6/25/2016,9/12/2016,Grano seco
4236,5/12/2016,5/17/2016,7/3/2016,9/27/2016,Grano seco
4237,5/15/2016,5/20/2016,7/6/2016,10/4/2016,Grano seco
2126,5/25/2015,5/30/2015,7/25/2015,9/20/2015,Grano seco
4250,5/10/2016,5/15/2016,6/30/2016,9/22/2016,Grano seco
4251,5/9/2016,5/14/2016,6/29/2016,9/24/2016,Grano seco
4252,5/15/2016,5/20/2016,7/5/2016,9/27/2016,Grano seco
4276,5/6/2016,5/10/2016,6/28/2016,9/26/2016,Grano seco
4277,5/17/2016,5/21/2016,7/8/2016,9/26/2016,Grano seco
2134,5/20/2015,5/25/2015,7/10/2015,9/16/2015,Grano seco
4300,5/5/2016,5/9/2016,6/25/2016,9/19/2016,Grano seco
4301,5/12/2016,5/15/2016,7/2/2016,9/19/2016,Grano seco
4302,5/16/2016,5/20/2016,7/5/2016,9/26/2016,Grano seco
4303,5/16/2016,5/20/2016,7/4/2016,9/19/2016,Grano seco
2143,6/8/2015,6/12/2015,7/30/2015,10/6/2015,Grano seco
2145,5/24/2015,5/24/2015,7/13/2015,9/28/2015,Grano seco
4316,5/15/2016,5/19/2016,7/6/2016,10/5/2016,Grano seco
4323,5/22/2016,5/26/2016,7/13/2016,10/6/2016,Grano seco
4324,5/25/2016,5/29/2016,7/14/2016,10/10/2016,Grano seco
4325,5/24/2016,5/28/2016,7/14/2016,10/11/2016,Grano seco
4326,5/18/2016,5/22/2016,7/8/2016,10/3/2016,Grano seco
4327,5/17/2016,5/21/2016,7/4/2016,9/29/2016,Grano seco
4328,5/12/2016,5/16/2016,7/3/2016,9/19/2016,Grano seco
2184,5/20/2015,5/24/2015,7/12/2015,10/5/2015,Grano seco
2188,5/19/2015,5/25/2015,7/9/2015,9/28/2015,Grano seco
4341,4/29/2016,5/4/2016,6/20/2016,9/14/2016,Grano seco
4343,5/15/2016,5/20/2016,7/5/2016,9/28/2016,Grano seco
4354,5/3/2016,5/8/2016,6/25/2016,9/18/2016,Grano seco
4359,5/6/2016,5/11/2016,6/26/2016,9/22/2016,Grano seco
4366,5/10/2016,5/15/2016,6/30/2016,9/25/2016,Grano seco
4369,5/7/2016,5/12/2016,6/27/2016,9/23/2016,Grano seco
4370,5/21/2016,5/26/2016,7/11/2016,9/28/2016,Grano seco
4376,5/10/2016,5/15/2016,6/30/2016,9/28/2016,Grano seco
4377,5/1/2016,5/6/2016,6/21/2016,9/27/2016,Grano seco
4378,4/27/2016,5/2/2016,6/18/2016,9/23/2016,Grano seco
4379,4/25/2016,4/30/2016,6/16/2016,9/24/2016,Grano seco
4390,5/12/2016,5/17/2016,7/2/2016,9/21/2016,Grano seco
4391,5/6/2016,5/11/2016,6/26/2016,9/21/2016,Grano seco
4414,5/12/2016,5/17/2016,7/2/2016,9/22/2016,Grano seco
4417,5/12/2016,NA,NA,9/20/2016,Grano seco
4419,5/8/2016,5/13/2016,6/28/2016,9/20/2016,Grano seco
4421,5/8/2016,5/13/2016,6/24/2016,9/18/2016,Grano seco
4434,5/5/2016,5/10/2016,6/25/2016,9/12/2016,Grano seco
4439,5/5/2016,5/10/2016,6/25/2016,9/18/2016,Grano seco
4512,5/23/2016,5/27/2016,7/15/2016,10/18/2016,Grano seco
4513,5/20/2016,6/25/2016,7/10/2016,9/24/2016,Grano seco
4514,5/21/2016,5/28/2016,7/15/2016,10/18/2016,Grano seco
4515,5/15/2016,5/21/2016,7/8/2016,9/29/2016,Grano seco
4517,5/23/2016,5/27/2016,7/2/2016,9/30/2016,Grano seco
4526,5/8/2016,5/14/2016,7/3/2016,9/23/2016,Grano seco
2435,5/20/2015,5/24/2015,7/10/2015,9/28/2015,Grano seco
2441,5/21/2015,7/10/2015,7/10/2015,9/28/2015,Grano seco
2443,5/20/2015,5/23/2015,7/8/2015,9/30/2015,Grano seco
2444,5/21/2015,5/24/2015,7/9/2015,9/30/2015,Grano seco
2446,5/22/2015,5/26/2015,7/9/2015,9/28/2015,Grano seco
2447,5/25/2015,5/25/2015,7/12/2015,10/5/2015,Grano seco
2449,5/20/2015,5/25/2015,7/16/2015,9/29/2015,Grano seco
2450,5/26/2015,5/29/2015,7/15/2015,10/4/2015,Grano seco
2452,5/20/2015,5/24/2015,7/10/2015,9/28/2015,Grano seco
2454,5/24/2015,5/28/2015,7/12/2015,10/3/2015,Grano seco
2455,5/24/2015,5/27/2015,7/11/2015,9/28/2015,Grano seco
2456,5/16/2015,5/20/2015,7/8/2015,10/7/2015,Grano seco
4554,5/28/2016,6/4/2016,7/21/2016,10/10/2016,Grano seco
4557,5/10/2016,5/17/2016,7/7/2016,9/28/2016,Grano seco
4558,5/9/2016,5/13/2016,7/1/2016,9/22/2016,Grano seco
4559,5/9/2016,5/15/2016,7/3/2016,9/24/2016,Grano seco
4560,5/10/2016,5/16/2016,7/13/2016,9/28/2016,Grano seco
2468,5/21/2015,5/24/2015,7/18/2015,9/20/2015,Grano seco
4562,5/17/2016,5/23/2016,7/10/2016,10/2/2016,Grano seco
4563,5/12/2016,5/19/2016,7/9/2016,9/28/2016,Grano seco
4564,5/12/2016,5/18/2016,7/6/2016,9/28/2016,Grano seco
4565,5/20/2016,5/25/2016,7/12/2016,10/12/2016,Grano seco
4566,5/12/2016,5/18/2016,7/5/2016,9/24/2016,Grano seco
4567,5/14/2016,5/21/2016,7/11/2016,9/30/2016,Grano seco
4570,5/15/2016,5/21/2016,7/8/2016,10/9/2016,Grano seco
2502,5/15/2015,5/19/2015,7/6/2015,9/25/2015,Grano seco
2503,5/27/2015,6/1/2015,7/17/2015,10/29/2015,Grano seco
2504,5/20/2015,5/24/2015,7/10/2015,9/27/2015,Grano seco
4577,5/20/2016,5/24/2016,7/12/2016,10/10/2016,Grano seco
4597,5/5/2016,5/12/2016,6/30/2016,9/15/2016,Grano seco
4598,5/9/2016,5/15/2016,7/4/2016,9/25/2016,Grano seco
4599,5/3/2016,5/9/2016,6/28/2016,9/10/2016,Grano seco
2523,5/16/2015,5/20/2015,7/6/2015,9/27/2015,Grano seco
2525,5/17/2015,5/21/2015,7/6/2015,10/5/2015,Grano seco
2526,5/18/2015,5/22/2015,7/5/2015,9/28/2015,Grano seco
4610,5/8/2016,5/14/2016,7/2/2016,9/20/2016,Grano seco
4611,5/8/2016,5/15/2016,7/3/2016,9/23/2016,Grano seco
4614,5/24/2016,5/30/2016,7/19/2016,10/8/2016,Grano seco
4615,5/9/2016,5/15/2016,7/4/2016,9/25/2016,Grano seco
4616,5/12/2016,5/17/2016,7/7/2016,9/26/2016,Grano seco
4618,5/12/2016,5/16/2016,7/5/2016,9/26/2016,Grano seco
2554,5/20/2015,5/24/2015,7/9/2015,9/26/2015,Grano seco
4628,5/15/2016,5/21/2016,7/9/2016,10/1/2016,Grano seco
4629,5/25/2016,5/30/2016,7/16/2016,10/3/2016,Grano seco
2562,5/25/2015,5/28/2015,7/13/2015,10/5/2015,Grano seco
2564,5/25/2015,5/30/2015,7/15/2015,10/15/2015,Grano seco
2565,5/26/2015,5/30/2015,7/16/2015,10/5/2015,Grano seco
2566,5/16/2015,5/20/2015,7/5/2015,9/28/2015,Grano seco
2567,5/18/2015,5/20/2015,7/5/2015,10/12/2015,Grano seco
2569,6/1/2015,6/4/2015,7/23/2015,10/12/2015,Grano seco
4637,5/18/2016,5/24/2016,7/12/2016,9/5/2016,Grano seco
2575,5/16/2015,5/20/2015,7/6/2015,9/28/2015,Grano seco
2576,5/24/2015,5/28/2015,7/15/2015,10/5/2015,Grano seco
4640,5/19/2016,5/20/2016,7/8/2016,9/30/2016,Grano seco
2578,5/21/2015,5/25/2015,7/10/2015,9/28/2015,Grano seco
4642,5/19/2016,5/26/2016,7/16/2016,9/30/2016,Grano seco
2580,5/20/2015,5/24/2015,7/10/2015,9/30/2015,Grano seco
2581,5/25/2015,5/29/2015,7/14/2015,10/5/2015,Grano seco
2582,5/20/2015,5/24/2015,7/3/2015,10/5/2015,Grano seco
2583,5/21/2015,5/24/2015,7/13/2015,9/29/2015,Grano seco
2584,5/7/2015,5/12/2015,6/30/2015,9/21/2015,Grano seco
2585,5/26/2015,5/30/2015,7/16/2015,10/5/2015,Grano seco
2586,5/18/2015,5/23/2015,7/6/2015,9/28/2015,Grano seco
2587,5/20/2015,5/24/2015,7/9/2015,9/28/2015,Grano seco
2588,5/16/2015,5/20/2015,7/6/2015,9/29/2015,Grano seco
2589,5/15/2015,5/21/2015,7/7/2015,9/29/2015,Grano seco
2591,5/17/2015,5/22/2015,7/8/2015,9/28/2015,Grano seco
2592,5/26/2015,5/30/2015,7/16/2015,9/29/2015,Grano seco
2594,5/22/2015,5/25/2015,7/10/2015,10/5/2015,Grano seco
2595,5/20/2015,5/24/2015,7/9/2015,9/25/2015,Grano seco
2596,5/22/2015,5/25/2015,7/11/2015,9/28/2015,Grano seco
2597,5/18/2015,5/22/2015,7/8/2015,10/5/2015,Grano seco
4664,5/20/2016,5/26/2016,7/15/2016,10/5/2016,Grano seco
2618,5/27/2015,6/1/2015,7/17/2015,10/12/2015,Grano seco
2619,5/18/2015,5/22/2015,7/8/2015,9/28/2015,Grano seco
2620,5/16/2015,5/19/2015,7/6/2015,9/29/2015,Grano seco
2621,5/12/2015,5/17/2015,7/4/2015,9/24/2015,Grano seco
2622,5/26/2015,5/30/2015,7/15/2015,10/5/2015,Grano seco
2623,5/18/2015,5/22/2015,7/9/2015,9/30/2015,Grano seco
2624,5/15/2015,5/19/2015,7/6/2015,9/22/2015,Grano seco
2626,5/20/2015,5/24/2015,7/11/2015,9/30/2015,Grano seco
2628,5/21/2015,5/25/2015,6/11/2015,9/28/2015,Grano seco
2629,5/23/2015,5/28/2015,7/13/2015,10/11/2015,Grano seco
2630,5/18/2015,5/22/2015,7/8/2015,9/28/2015,Grano seco
2632,5/24/2015,5/28/2015,7/13/2015,9/30/2015,Grano seco
2633,5/25/2015,5/29/2015,7/14/2015,10/1/2015,Grano seco
3336,9/23/2015,9/25/2015,11/13/2015,2/10/2016,Grano seco
2292,5/8/2015,5/12/2015,9/12/2015,9/29/2015,Grano seco
2442,5/20/2015,5/24/2015,7/12/2015,9/28/2015,Grano seco
2935,5/2/2015,5/8/2015,6/30/2015,9/18/2015,Grano seco
2403,4/23/2015,4/27/2015,7/13/2015,8/31/2015,Grano seco
2553,5/5/2015,5/9/2015,6/24/2015,9/11/2015,Grano seco
2826,4/29/2015,5/5/2015,6/23/2015,9/15/2015,Grano seco
2300,4/25/2015,4/30/2015,7/16/2015,9/2/2015,Grano seco
2763,5/12/2015,5/18/2015,7/7/2015,9/21/2015,Grano seco
2738,5/4/2015,5/9/2015,6/24/2015,9/14/2015,Grano seco
2923,4/24/2015,4/30/2015,6/20/2015,9/15/2015,Grano seco
2924,5/23/2015,5/29/2015,7/21/2015,10/13/2015,Grano seco
2889,5/5/2015,5/12/2015,7/3/2015,9/21/2015,Grano seco
2897,4/20/2015,4/26/2015,6/23/2015,9/23/2015,Grano seco
2748,5/22/2015,5/27/2015,7/12/2015,9/30/2015,Grano seco
2942,5/5/2015,5/11/2015,7/3/2015,9/25/2015,Grano seco
2945,5/5/2015,5/11/2015,7/2/2015,9/25/2015,Grano seco
2939,5/4/2015,5/9/2015,7/1/2015,9/24/2015,Grano seco
2938,4/25/2015,5/1/2015,6/24/2015,9/16/2015,Grano seco
3044,9/5/2015,9/9/2015,10/25/2015,1/8/2016,Grano seco
3048,9/10/2015,9/14/2015,10/30/2015,1/15/2016,Grano seco
3178,10/7/2015,10/14/2015,12/1/2015,2/18/2016,Grano seco
3201,10/5/2015,10/9/2015,11/26/2015,2/14/2016,Grano seco
3229,10/2/2015,10/6/2015,11/22/2015,2/16/2016,Grano seco
3297,10/6/2015,10/10/2015,11/26/2015,2/22/2016,Grano seco
3298,9/26/2015,9/30/2015,11/11/2015,2/8/2016,Grano seco
3300,9/13/2015,9/18/2015,11/6/2015,1/28/2016,Grano seco
3301,9/27/2015,10/2/2015,11/18/2015,2/10/2016,Grano seco
3318,10/2/2015,10/8/2015,11/24/2015,2/19/2016,Grano seco
3319,10/1/2015,10/6/2015,11/22/2015,2/21/2016,Grano seco
3324,9/27/2015,10/2/2015,11/18/2015,2/20/2016,Grano seco
4561,5/10/2016,5/16/2016,7/3/2016,9/27/2016,Grano seco
4568,5/5/2016,5/11/2016,6/28/2016,9/22/2016,Grano seco
4569,5/20/2016,5/27/2016,7/15/2016,10/12/2016,Grano seco
4612,5/8/2016,5/14/2016,7/2/2016,9/25/2016,Grano seco
4613,5/2/2016,5/7/2016,6/26/2016,9/12/2016,Grano seco
4620,5/12/2016,5/8/2016,7/8/2016,9/26/2016,Grano seco
4621,5/11/2016,5/16/2016,7/4/2016,9/22/2016,Grano seco
4623,5/11/2016,5/17/2016,7/8/2016,9/22/2016,Grano seco
4633,5/22/2016,5/27/2016,7/15/2016,10/6/2016,Grano seco
4634,5/15/2016,5/21/2016,7/9/2016,9/30/2016,Grano seco
3824,5/9/2016,5/13/2016,7/1/2016,9/19/2016,Grano seco
3865,5/12/2016,5/17/2016,7/2/2016,9/20/2016,Grano seco
3866,5/4/2016,5/9/2016,6/24/2016,9/17/2016,Grano seco
3881,6/21/2016,6/26/2016,8/10/2016,10/25/2016,Grano seco
3882,5/21/2016,5/26/2016,7/11/2016,10/27/2016,Grano seco
3883,5/12/2016,5/17/2016,7/1/2016,9/26/2016,Grano seco
3890,5/2/2016,5/7/2016,6/24/2016,9/20/2016,Grano seco
4666,5/23/2016,5/28/2016,7/19/2016,10/8/2016,Grano seco
4667,5/8/2016,5/14/2016,7/4/2016,9/24/2016,Grano seco
3915,4/29/2016,5/4/2016,6/22/2016,9/12/2016,Grano seco
3932,5/10/2016,5/15/2016,6/29/2016,9/19/2016,Grano seco
3935,5/7/2016,5/12/2016,6/30/2016,9/18/2016,Grano seco
3943,5/4/2016,5/9/2016,6/27/2016,9/15/2016,Grano seco
3944,5/10/2016,5/14/2016,7/1/2016,9/21/2016,Grano seco
3946,5/10/2016,5/14/2016,6/30/2016,9/29/2016,Grano seco
3957,5/15/2016,5/19/2016,7/5/2016,10/7/2016,Grano seco
3960,5/12/2016,5/16/2016,7/1/2016,10/7/2016,Grano seco
3963,5/6/2016,5/10/2016,6/27/2016,9/13/2016,Grano seco
4153,5/7/2016,5/11/2016,6/27/2016,9/13/2016,Grano seco
4155,5/7/2016,5/11/2016,6/28/2016,9/28/2016,Grano seco
4156,5/6/2016,5/10/2016,6/27/2016,9/13/2016,Grano seco
4157,5/5/2016,5/10/2016,6/27/2016,9/14/2016,Grano seco
4158,5/4/2016,5/8/2016,6/25/2016,9/12/2016,Grano seco
4159,5/4/2016,NA,NA,9/14/2016,Grano seco
4163,5/7/2016,5/11/2016,7/2/2016,9/13/2016,Grano seco
4164,5/5/2016,5/9/2016,6/25/2016,9/13/2016,Grano seco
4238,5/12/2016,5/17/2016,7/3/2016,9/27/2016,Grano seco
4243,5/6/2016,5/10/2016,6/27/2016,9/19/2016,Grano seco
4249,5/10/2016,5/15/2016,6/29/2016,9/22/2016,Grano seco
4291,5/16/2016,5/19/2016,7/5/2016,9/29/2016,Grano seco
2894,4/23/2015,4/30/2015,6/23/2015,9/18/2015,Grano seco
4330,5/16/2016,5/20/2016,7/6/2016,9/29/2016,Grano seco
4331,5/17/2016,5/22/2016,7/8/2016,10/6/2016,Grano seco
4332,5/22/2016,5/26/2016,7/11/2016,10/3/2016,Grano seco
4333,5/9/2016,5/13/2016,6/30/2016,9/19/2016,Grano seco
4335,5/10/2016,5/14/2016,6/30/2016,9/19/2016,Grano seco
4336,5/10/2016,5/14/2016,6/30/2016,9/20/2016,Grano seco
4337,5/10/2016,5/15/2016,6/30/2016,9/20/2016,Grano seco
4352,5/11/2016,5/16/2016,7/1/2016,9/23/2016,Grano seco
4355,6/18/2016,6/23/2016,8/8/2016,10/25/2016,Grano seco
4362,5/4/2016,5/9/2016,6/24/2016,9/18/2016,Grano seco
4375,4/30/2016,5/4/2016,6/20/2016,9/15/2016,Grano seco
4380,5/6/2016,5/11/2016,6/26/2016,10/1/2016,Grano seco
4381,4/24/2016,4/29/2016,6/14/2016,9/23/2016,Grano seco
4382,5/7/2016,5/12/2016,6/27/2016,10/3/2016,Grano seco
4383,5/7/2016,5/12/2016,6/28/2016,10/4/2016,Grano seco
4384,5/10/2016,5/15/2016,6/30/2016,9/28/2016,Grano seco
4386,5/9/2016,5/14/2016,6/30/2016,9/20/2016,Grano seco
4387,5/9/2016,5/14/2016,6/30/2016,8/21/2016,Grano seco
4388,4/29/2016,5/4/2016,6/19/2016,9/29/2016,Grano seco
4389,5/4/2016,5/9/2016,6/25/2016,10/2/2016,Grano seco
4392,5/12/2016,5/17/2016,7/3/2016,9/20/2016,Grano seco
4431,5/12/2016,5/16/2016,7/1/2016,9/20/2016,Grano seco
4432,5/6/2016,5/11/2016,6/26/2016,9/15/2016,Grano seco
4433,5/5/2016,5/10/2016,6/25/2016,9/12/2016,Grano seco
4435,5/4/2016,5/9/2016,6/25/2016,9/18/2016,Grano seco
4436,5/16/2016,5/21/2016,7/6/2016,9/30/2016,Grano seco
4437,5/6/2016,5/11/2016,6/26/2016,9/20/2016,Grano seco
4438,5/17/2016,5/22/2016,7/6/2016,10/1/2016,Grano seco
4440,5/6/2016,5/11/2016,6/26/2016,9/14/2016,Grano seco
4441,5/4/2016,5/8/2016,6/23/2016,9/16/2016,Grano seco
4443,5/5/2016,5/10/2016,6/25/2016,9/17/2016,Grano seco
4444,5/2/2016,5/6/2016,6/20/2016,9/14/2016,Grano seco
4445,5/8/2016,5/17/2016,6/27/2016,9/22/2016,Grano seco
4500,5/7/2016,5/13/2016,6/27/2016,9/18/2016,Grano seco
4503,5/7/2016,5/13/2016,6/29/2016,9/18/2016,Grano seco
4505,5/20/2016,5/26/2016,7/15/2016,10/4/2016,Grano seco
4508,5/5/2016,5/12/2016,6/28/2016,9/20/2016,Grano seco
4509,5/25/2016,5/30/2016,7/16/2016,10/5/2016,Grano seco
4511,5/22/2016,5/28/2016,7/16/2016,10/3/2016,Grano seco
4530,5/12/2016,5/18/2016,7/5/2016,9/25/2016,Grano seco
4537,5/28/2016,6/2/2016,7/20/2016,10/13/2016,Grano seco
4538,5/20/2016,5/26/2016,7/15/2016,9/28/2016,Grano seco
4541,5/18/2016,5/23/2016,7/10/2016,10/6/2016,Grano seco
4543,5/15/2016,5/20/2016,7/11/2016,9/29/2016,Grano seco
4544,5/22/2016,5/28/2016,7/14/2016,10/4/2016,Grano seco
4546,5/19/2016,5/24/2016,7/15/2016,10/3/2016,Grano seco
4547,5/6/2016,5/12/2016,6/30/2016,9/24/2016,Grano seco
4548,5/19/2016,5/25/2016,7/12/2016,10/5/2016,Grano seco
4556,5/10/2016,5/16/2016,7/3/2016,9/20/2016,Grano seco
4571,5/4/2016,5/10/2016,6/30/2016,9/14/2016,Grano seco
4574,5/19/2016,5/26/2016,7/7/2016,10/5/2016,Grano seco
4575,5/15/2016,5/20/2016,7/6/2016,10/9/2016,Grano seco
4576,5/7/2016,5/13/2016,7/1/2016,9/20/2016,Grano seco
4596,5/9/2016,5/16/2016,7/3/2016,9/25/2016,Grano seco
4600,5/10/2016,5/16/2016,7/7/2016,9/19/2016,Grano seco
4601,5/16/2016,5/21/2016,7/9/2016,10/10/2016,Grano seco
4602,5/15/2016,5/21/2016,7/7/2016,9/28/2016,Grano seco
4607,5/7/2016,5/12/2016,6/27/2016,9/21/2016,Grano seco
4608,6/10/2016,6/16/2016,8/4/2016,10/11/2016,Grano seco
4609,5/25/2016,5/26/2016,7/13/2016,10/8/2016,Grano seco
4625,5/11/2016,5/16/2016,7/3/2016,9/22/2016,Grano seco
4627,5/11/2016,5/16/2016,7/5/2016,9/24/2016,Grano seco
4630,5/25/2016,5/31/2016,7/18/2016,9/30/2016,Grano seco
4631,4/29/2016,5/4/2016,6/22/2016,9/10/2016,Grano seco
4632,5/16/2016,5/21/2016,7/8/2016,9/12/2016,Grano seco
4635,5/11/2016,5/17/2016,7/5/2016,9/26/2016,Grano seco
4636,5/7/2016,5/13/2016,6/30/2016,9/9/2016,Grano seco
4638,5/18/2016,5/25/2016,7/14/2016,10/5/2016,Grano seco
4639,5/9/2016,5/14/2016,7/5/2016,9/25/2016,Grano seco
4641,5/9/2016,5/15/2016,7/3/2016,9/24/2016,Grano seco
4643,5/19/2016,5/26/2016,7/18/2016,9/30/2016,Grano seco
4644,5/16/2016,5/20/2016,7/10/2016,9/28/2016,Grano seco
4645,5/16/2016,5/21/2016,7/9/2016,9/28/2016,Grano seco
4647,5/20/2016,5/25/2016,7/12/2016,10/5/2016,Grano seco
4650,5/15/2016,5/21/2016,7/10/2016,9/30/2016,Grano seco
4651,5/20/2016,5/26/2016,7/14/2016,10/5/2016,Grano seco
4652,5/24/2016,5/31/2016,7/18/2016,10/12/2016,Grano seco
4653,5/9/2016,5/15/2016,7/5/2016,9/21/2016,Grano seco
4654,5/9/2016,5/14/2016,7/2/2016,9/21/2016,Grano seco
4655,5/9/2016,5/15/2016,7/4/2016,9/21/2016,Grano seco
4656,5/9/2016,5/15/2016,7/4/2016,9/26/2016,Grano seco
4657,5/22/2016,5/28/2016,7/8/2016,10/9/2016,Grano seco
4658,5/4/2016,5/10/2016,6/28/2016,9/20/2016,Grano seco
4659,5/4/2016,4/10/2016,6/29/2016,9/20/2016,Grano seco
4660,5/18/2016,5/24/2016,7/13/2016,10/2/2016,Grano seco
4661,5/20/2016,5/26/2016,7/14/2016,10/7/2016,Grano seco
4662,5/3/2016,5/8/2016,6/26/2016,9/18/2016,Grano seco
4663,5/12/2016,5/18/2016,7/6/2016,9/28/2016,Grano seco
4665,5/9/2016,5/15/2016,7/5/2016,9/24/2016,Grano seco
4668,5/8/2016,5/13/2016,7/2/2016,9/26/2016,Grano seco
4669,5/23/2016,5/28/2016,7/17/2016,10/10/2016,Grano seco
4670,5/11/2016,5/17/2016,7/5/2016,9/22/2016,Grano seco
4671,5/21/2016,5/25/2016,7/13/2016,10/4/2016,Grano seco
4672,5/14/2016,5/20/2016,7/8/2016,9/30/2016,Grano seco
4673,5/7/2016,5/12/2016,7/2/2016,9/23/2016,Grano seco
4674,5/9/2016,5/15/2016,7/3/2016,9/21/2016,Grano seco
4675,5/9/2016,5/14/2016,7/5/2016,9/21/2016,Grano seco
2952,5/19/2015,5/25/2015,7/15/2015,10/9/2015,Grano seco
2737,5/6/2015,5/12/2015,6/26/2015,9/11/2015,Grano seco
2837,5/8/2015,5/13/2015,7/3/2015,10/1/2015,Grano seco
2915,5/18/2015,5/23/2015,7/18/2015,10/7/2015,Grano seco
2899,4/20/2015,4/27/2015,6/21/2015,9/15/2015,Grano seco
2909,5/18/2015,5/23/2015,7/16/2015,10/16/2015,Grano seco
2914,4/23/2015,4/29/2015,6/20/2015,9/22/2015,Grano seco
2926,4/24/2015,4/30/2015,6/17/2015,9/17/2015,Grano seco
2936,4/23/2015,4/29/2015,6/20/2015,9/10/2015,Grano seco
2941,5/8/2015,5/14/2015,7/6/2015,9/28/2015,Grano seco
2835,5/1/2015,5/6/2015,6/26/2015,9/14/2015,Grano seco
3282,9/21/2015,9/26/2015,11/13/2015,2/8/2016,Grano seco
3285,10/3/2015,10/8/2015,11/24/2015,2/15/2016,Grano seco
3286,10/4/2015,10/9/2015,11/25/2015,2/16/2016,Grano seco
3287,10/4/2015,10/9/2015,11/24/2015,2/16/2016,Grano seco
3290,10/3/2015,10/8/2015,11/24/2015,2/19/2016,Grano seco
3291,10/3/2015,10/8/2015,11/24/2015,2/17/2016,Grano seco
3306,9/20/2015,9/25/2015,11/11/2015,2/8/2016,Grano seco
3307,9/20/2015,9/25/2015,11/12/2015,2/9/2016,Grano seco
3308,9/25/2015,9/30/2015,11/16/2015,2/10/2016,Grano seco
3309,9/26/2015,10/1/2015,11/18/2015,2/12/2016,Grano seco
3310,9/26/2015,10/1/2015,11/16/2015,2/14/2016,Grano seco
3325,9/25/2015,9/30/2015,11/15/2015,2/16/2016,Grano seco
839,4/30/2013,5/6/2013,6/17/2013,9/5/2013,Grano seco
785,5/26/2014,6/2/2014,7/10/2014,10/3/2014,Grano seco
789,11/15/2013,11/20/2013,1/3/2014,3/31/2014,Grano seco
3829,5/3/2016,5/7/2016,6/23/2016,9/12/2016,Grano seco
4299,5/10/2016,5/14/2016,6/30/2016,9/19/2016,Grano seco
4385,5/11/2016,5/16/2016,7/2/2016,9/20/2016,Grano seco
4429,5/6/2016,5/11/2016,6/27/2016,9/17/2016,Grano seco
4430,5/14/2016,5/18/2016,7/3/2016,9/26/2016,Grano seco
3123,9/15/2015,9/21/2015,11/4/2015,1/28/2016,Grano seco
3232,10/2/2015,10/7/2015,11/25/2015,2/14/2016,Grano seco
3236,9/29/2015,10/4/2015,11/20/2015,2/11/2016,Grano seco
3251,10/2/2015,10/7/2015,11/24/2015,2/16/2016,Grano seco
3252,10/5/2015,10/10/2015,11/26/2015,2/19/2016,Grano seco
3255,10/2/2015,10/7/2015,11/24/2015,2/23/2016,Grano seco
3256,9/18/2015,9/23/2015,11/9/2015,1/30/2016,Grano seco
3257,9/21/2015,9/26/2015,11/11/2015,2/3/2016,Grano seco
3260,9/17/2015,9/22/2015,11/8/2015,2/5/2016,Grano seco
3261,9/26/2015,10/1/2015,11/17/2015,2/15/2016,Grano seco
3263,9/19/2015,9/24/2015,11/10/2015,2/9/2016,Grano seco
3264,9/21/2015,9/26/2015,11/12/2015,2/11/2016,Grano seco
3266,9/19/2015,9/24/2015,11/10/2015,2/4/2016,Grano seco
3281,9/19/2015,9/24/2015,11/15/2015,2/7/2016,Grano seco
2617,5/19/2015,5/24/2015,7/10/2015,9/30/2015,Grano seco
3294,10/6/2015,10/11/2015,11/25/2015,2/25/2016,Grano seco
3295,10/6/2015,10/11/2015,11/26/2015,2/25/2016,Grano seco
3022,9/25/2015,9/30/2015,11/14/2015,2/20/2016,Grano seco
3170,10/4/2015,NA,NA,2/16/2016,Grano seco
3187,9/15/2015,9/20/2015,11/5/2015,2/2/2016,Grano seco
3210,10/20/2015,10/24/2015,12/10/2015,2/27/2016,Grano seco
3233,10/1/2015,10/6/2015,11/23/2015,2/10/2016,Grano seco
3234,10/3/2015,10/8/2015,11/25/2015,2/20/2016,Grano seco
3235,10/1/2015,10/6/2015,11/23/2015,2/15/2016,Grano seco
3239,10/2/2015,10/7/2015,11/23/2015,2/10/2016,Grano seco
3240,10/3/2015,10/8/2015,11/23/2015,2/12/2016,Grano seco
3241,9/27/2015,10/2/2015,11/17/2015,2/7/2016,Grano seco
3242,9/29/2015,10/4/2015,11/22/2015,2/11/2016,Grano seco
3243,9/26/2015,10/1/2015,11/17/2015,2/12/2016,Grano seco
3247,10/4/2015,10/9/2015,11/24/2015,2/20/2016,Grano seco
3248,10/1/2015,10/6/2015,11/23/2015,2/16/2016,Grano seco
3249,9/30/2015,10/5/2015,11/23/2015,2/12/2016,Grano seco
3250,10/2/2015,10/7/2015,11/23/2015,2/17/2016,Grano seco
3253,10/8/2015,NA,NA,2/25/2016,Grano seco
3254,10/1/2015,10/6/2015,11/22/2015,2/10/2016,Grano seco
3258,9/15/2015,9/20/2015,11/6/2015,2/3/2016,Grano seco
3259,9/23/2015,9/28/2015,11/14/2015,2/5/2016,Grano seco
3262,9/27/2015,10/2/2015,11/16/2015,2/17/2016,Grano seco
3265,9/20/2015,9/25/2015,11/6/2015,2/6/2016,Grano seco
3292,9/23/2015,9/28/2015,11/13/2015,2/10/2016,Grano seco
3293,10/5/2015,10/11/2015,11/27/2015,2/28/2016,Grano seco
3302,9/27/2015,10/1/2015,10/18/2015,2/10/2016,Grano seco
3303,10/2/2015,10/7/2015,11/23/2015,2/17/2016,Grano seco
3304,9/20/2015,9/25/2015,11/10/2015,2/10/2016,Grano seco
3305,9/22/2015,9/27/2015,11/13/2015,2/9/2016,Grano seco
3311,9/27/2015,10/2/2015,11/17/2015,2/13/2016,Grano seco
3157,9/29/2015,10/5/2015,11/20/2015,2/11/2016,Grano seco
3159,9/11/2015,9/16/2015,11/2/2015,1/25/2016,Grano seco
3165,9/4/2015,9/9/2015,10/5/2015,1/25/2016,Grano seco
3145,9/17/2015,9/22/2015,11/7/2015,2/2/2016,Grano seco
3147,9/16/2015,9/21/2015,11/4/2015,1/27/2016,Grano seco
3164,9/14/2015,9/19/2015,11/4/2015,2/2/2016,Grano seco
3146,9/19/2015,9/24/2015,11/8/2015,2/5/2016,Grano seco
3148,9/20/2015,9/25/2015,11/10/2015,2/5/2016,Grano seco
3158,9/12/2015,9/17/2015,11/3/2015,1/27/2016,Grano seco
3160,9/10/2015,9/15/2015,10/31/2015,1/29/2016,Grano seco
3161,9/19/2015,9/24/2015,11/10/2015,2/4/2016,Grano seco
3171,10/8/2015,10/13/2015,11/29/2015,2/19/2016,Grano seco
